iedb_receptor_id,example_epitope,calc_v_alpha,calc_v_beta,n_alpha,n_beta,n_rows,cdr3a_seqs,cdr3b_seqs,cdr3a_len_mean,cdr3b_len_mean,example_mhc_raw,example_mhc_tokens,example_hla_pairs,receptor_ref
1102,"PQPQLPYPQPQ + DEAM(Q4, Q11)",TRAV26-1*01,TRBV7-2*02,1,1,1,IVYGGFKTI,ASSLRSTDTQY,9.0,11.0,HLA-DQA1*05:01/DQB1*02:01,DQA1*05:01;DQB1*02:01,DQA1*05:01~DQB1*02:01,578.3
1103,"PQPQLPYPQPQ + DEAM(Q4, Q11)",TRAV4*01,TRBV7-2*01,1,1,1,LVGHGSSNTGKLI,ASSLRWGDGGKL,13.0,12.0,HLA-DQA1*05:01/DQB1*02:01,DQA1*05:01;DQB1*02:01,DQA1*05:01~DQB1*02:01,578.4
1104,"PQPQLPYPQPQ + DEAM(Q4, Q11)",TRAV26-1*01,TRBV7-6*02,1,1,1,IEYNFNKFY,ASRPVAG,9.0,7.0,HLA-DQA1*05:01/DQB1*02:01,DQA1*05:01;DQB1*02:01,DQA1*05:01~DQB1*02:01,578.14
1105,"PQPQLPYPQPQ + DEAM(Q4, Q11)",TRAV9-2*01,TRBV4-1*01,1,1,1,ALSELSIQGAQKLV,ASSIVDRGGETQY,14.0,13.0,HLA-DQA1*05:01/DQB1*02:01,DQA1*05:01;DQB1*02:01,DQA1*05:01~DQB1*02:01,578.20
1106,"PQPQLPYPQPQ + DEAM(Q4, Q11)",TRAV35*01,TRBV15*02,1,1,1,AGDSGYALN,ATSSRMGGDTQY,9.0,12.0,HLA-DQA1*05:01/DQB1*02:01,DQA1*05:01;DQB1*02:01,DQA1*05:01~DQB1*02:01,578.75
1107,"PQPQLPYPQPQ + DEAM(Q4, Q11)",TRAV26-1*01,TRBV7-2*01,1,1,1,IVPANTGGFKTI,ASSFRSTDTQY,12.0,11.0,HLA-DQA1*05:01/DQB1*02:01,DQA1*05:01;DQB1*02:01,DQA1*05:01~DQB1*02:01,737.51
1108,"PQPQLPYPQPQ + DEAM(Q4, Q11)",TRAV4*01,TRBV7-2*01,1,1,1,LVGGGADGLT,ASSVRTLDTGELF,10.0,13.0,HLA-DQA1*05:01/DQB1*02:01,DQA1*05:01;DQB1*02:01,DQA1*05:01~DQB1*02:01,737.58
1109,"PQPQLPYPQPQ + DEAM(Q4, Q11)",TRAV9-2*01,TRBV7-2*01,1,1,1,ALSESGANSKLT,ASSLRAWETQY,12.0,11.0,HLA-DQA1*05:01/DQB1*02:01,DQA1*05:01;DQB1*02:01,DQA1*05:01~DQB1*02:01,737.60
1110,"PQPQLPYPQPQ + DEAM(Q4, Q11)",TRAV3*01,TRBV4-2*01,1,1,1,AVRDPLYNFNKFY,ASSQGGDRGESEAF,13.0,14.0,HLA-DQA1*05:01/DQB1*02:01,DQA1*05:01;DQB1*02:01,DQA1*05:01~DQB1*02:01,737.68
1111,"PQPQLPYPQPQ + DEAM(Q4, Q11)",TRAV12-2*01,TRBV5-4*01,1,1,1,VVNSWAGNQFY,ASSLGYGVSTGELF,11.0,14.0,HLA-DQA1*05:01/DQB1*02:01,DQA1*05:01;DQB1*02:01,DQA1*05:01~DQB1*02:01,737.78
1112,FPQPQQPFPWQP + DEAM(Q5),TRAV4*01,TRBV30*01,1,1,1,LVGGELTGGGNKLT,AWSPTFPLGNTIY,14.0,13.0,HLA-DQA1*05:01/DQB1*02:01,DQA1*05:01;DQB1*02:01,DQA1*05:01~DQB1*02:01,TCC737.A4B30
1112,"PQPQLPYPQPQ + DEAM(Q4, Q11)",TRAV4*01,TRBV30*01,1,1,1,LVGGELTGGGNKLT,AWSPTFPLGNTIY,14.0,13.0,HLA-DQA1*05:01/DQB1*02:01,DQA1*05:01;DQB1*02:01,DQA1*05:01~DQB1*02:01,TCC737.A4B30
1113,FPQPQQPFPWQP + DEAM(Q5),TRAV4*01,TRBV9*01,1,1,1,LVGVMEYGNKLV,ASSAFIQGANYGYT,12.0,14.0,HLA-DQA1*05:01/DQB1*02:01,DQA1*05:01;DQB1*02:01,DQA1*05:01~DQB1*02:01,TCC774.A4B9
1113,"PQPQLPYPQPQ + DEAM(Q4, Q11)",TRAV4*01,TRBV9*01,1,1,1,LVGVMEYGNKLV,ASSAFIQGANYGYT,12.0,14.0,HLA-DQA1*05:01/DQB1*02:01,DQA1*05:01;DQB1*02:01,DQA1*05:01~DQB1*02:01,TCC774.A4B9
1114,FPQPQQPFPWQP + DEAM(Q5),TRAV12-3*01,TRBV6-1*01,1,1,1,AMSGGSNYQLIW,ASGKQQGEAF,12.0,10.0,HLA-DQA1*05:01/DQB1*02:01,DQA1*05:01;DQB1*02:01,DQA1*05:01~DQB1*02:01,578.45
1115,FPQPQQPFPWQP + DEAM(Q5),TRAV12-2*02,TRBV5-5*02,1,1,1,AVNEDGTGGFKTI,ASSVGQGLGYT,13.0,11.0,HLA-DQA1*05:01/DQB1*02:01,DQA1*05:01;DQB1*02:01,DQA1*05:01~DQB1*02:01,578.51
1116,FPQPQQPFPWQP + DEAM(Q5),TRAV17*01,TRBV4-1*01,1,1,1,ATDAGTNAGKST,SQAPSREERGEDTQY,12.0,15.0,HLA-DQA1*05:01/DQB1*02:01,DQA1*05:01;DQB1*02:01,DQA1*05:01~DQB1*02:01,578.59
1117,FPQPQQPFPWQP + DEAM(Q5),TRAV8-2*01,TRBV4-1*01,1,1,1,VVSDGGGADGLT,ASSQDRVGGTDTQY,12.0,14.0,HLA-DQA1*05:01/DQB1*02:01,DQA1*05:01;DQB1*02:01,DQA1*05:01~DQB1*02:01,737.7
1118,FPQPQQPFPWQP + DEAM(Q5),TRAV12-2*02,TRBV1*01,1,1,1,AVGPNSGGSNYKLT,ASSGSLTGTGGAEAF,14.0,15.0,HLA-DQA1*05:01/DQB1*02:01,DQA1*05:01;DQB1*02:01,DQA1*05:01~DQB1*02:01,737.16
1119,FPQPQQPFPWQP + DEAM(Q5),TRAV12-2*02,TRBV20-1*02,1,1,1,AVSPTPGGSQGNLI,SASGTGEGYT,14.0,10.0,HLA-DQA1*05:01/DQB1*02:01,DQA1*05:01;DQB1*02:01,DQA1*05:01~DQB1*02:01,737.20
1120,FPQPQQPFPWQP + DEAM(Q5),TRAV38-1*01,TRBV7-2*01,1,1,1,DYKLSF,ASSLRGFIQPNEQF,6.0,14.0,HLA-DQA1*05:01/DQB1*02:01,DQA1*05:01;DQB1*02:01,DQA1*05:01~DQB1*02:01,737.26
1121,FPQPQQPFPWQP + DEAM(Q5),TRAV38,TRBV6-1*01,1,1,1,AYRSGLRAGNQFY,ASFLGPVFPGGYT,13.0,13.0,HLA-DQA1*05:01/DQB1*02:01,DQA1*05:01;DQB1*02:01,DQA1*05:01~DQB1*02:01,737.30
1516,GPQQSFPEQEA,TRAV20*01,TRBV9*01,1,1,1,AVQASGGSYIPT,ASSNRGLGTDTQY,12.0,13.0,HLA-DQA1*05:01/DQB1*03:02,DQA1*05:01;DQB1*03:02,DQA1*05:01~DQB1*03:02,T15
1517,QPQQSFPEQEA,TRAV20*01,TRBV9*01,1,1,1,AVQFMDSNYQLI,ASSVAGTPSYEQY,12.0,13.0,HLA-DQA1*05:01/DQB1*03:02,DQA1*05:01;DQB1*03:02,DQA1*05:01~DQB1*03:02,Bel602
1518,APSGEGSFQPSQENPQ,TRAV20*01,TRBV9*01,1,1,1,AVALNNNAGNMLT,ASSVAPGSDTQY,13.0,12.0,HLA-DQA1*03:01/DQB1*03:02,DQA1*03:01;DQB1*03:02,DQA1*03:01~DQB1*03:02,Bel502
1535,APSGEGSFQPSQENPQGS,TRAV26-2*01,TRBV9*01,1,1,1,ILRDRSNQFY,ASSTTPGTGTETQY,10.0,14.0,HLA-DQA1*03:01/DQB1*03:02,DQA1*03:01;DQB1*03:02,DQA1*03:01~DQB1*03:02,S13
158,ALAVLHFYPDKGAKN,TRAV17*01,TRBV20-1*01,1,1,1,ATDTTSGTYKYI,SARDLTSGANNEQF,12.0,14.0,HLA-DRA*01:01/DRB1*15:01,DRA*01:01;DRB1*15:01,DRA*01:01~DRB1*15:01,Ob
158,DFARVHFISALHGSG,TRAV17*01,TRBV20-1*01,1,1,1,ATDTTSGTYKYI,SARDLTSGANNEQF,12.0,14.0,HLA-DRA*01:01/DRB1*15:01,DRA*01:01;DRB1*15:01,DRA*01:01~DRB1*15:01,Ob
158,ENPVVHFFKNIVTPR,TRAV17*01,TRBV20-1*01,1,1,1,ATDTTSGTYKYI,SARDLTSGANNEQF,12.0,14.0,HLA-DRA*01:01/DRB1*15:01,DRA*01:01;DRB1*15:01,DRA*01:01~DRB1*15:01,Ob
158,QRCRVHFLRNVLAQV,TRAV17*01,TRBV20-1*01,1,1,1,ATDTTSGTYKYI,SARDLTSGANNEQF,12.0,14.0,HLA-DRA*01:01/DRB1*15:01,DRA*01:01;DRB1*15:01,DRA*01:01~DRB1*15:01,Ob
158,QRCRVHFMRNLYTAV,TRAV17*01,TRBV20-1*01,1,1,1,ATDTTSGTYKYI,SARDLTSGANNEQF,12.0,14.0,HLA-DRA*01:01/DRB1*15:01,DRA*01:01;DRB1*15:01,DRA*01:01~DRB1*15:01,Ob
1620,AHPADPGSRPHLIRLFSRDA,TRAV17*01,TRBV20-1*01,1,1,1,ATDTTSGTYKYI,SARDLTSGANNEQF,12.0,14.0,HLA-DRB1*15:01,DRB1*15:01,,Ob.1A12
1620,ALAVLHFYPDKGAKN,TRAV17*01,TRBV20-1*01,1,1,1,ATDTTSGTYKYI,SARDLTSGANNEQF,12.0,14.0,H2 class II,,,Ob.1A12
1620,ATDTTSGTYKYIFGTGTRLKVLA,TRAV17*01,TRBV20-1*01,1,1,1,ATDTTSGTYKYI,SARDLTSGANNEQF,12.0,14.0,HLA-DR2,,,Ob.1A12
1620,DFARVHFISALHGSG,TRAV17*01,TRBV20-1*01,1,1,2,ATDTTSGTYKYI,SARDLTSGANNEQF,12.0,14.0,H2 class II,,DRA*01:01~DRB1*15:01,Ob.1A12
1620,EKPKFEAYKAAAAPA,TRAV17*01,TRBV20-1*01,1,1,1,ATDTTSGTYKYI,SARDLTSGANNEQF,12.0,14.0,HLA-DR2,,,Ob.1A12
1620,EKPKVEAYKAAAAPA,TRAV17*01,TRBV20-1*01,1,1,1,ATDTTSGTYKYI,SARDLTSGANNEQF,12.0,14.0,HLA-DR2,,,Ob.1A12
1620,EKPKYEAYKAAAAPA,TRAV17*01,TRBV20-1*01,1,1,1,ATDTTSGTYKYI,SARDLTSGANNEQF,12.0,14.0,HLA-DR2,,,Ob.1A12
1620,ENPVVHFFKNIVTPR,TRAV17*01,TRBV20-1*01,1,1,6,ATDTTSGTYKYI,SARDLTSGANNEQF,12.0,14.0,HLA-DR2,,DRA*01:01~DRB1*15:01,Ob.1A12
1620,ITREEKPAVTAAPKK,TRAV17*01,TRBV20-1*01,1,1,1,ATDTTSGTYKYI,SARDLTSGANNEQF,12.0,14.0,HLA-DRB1*15:01,DRB1*15:01,,Ob.1A12
1620,PGSRPHLIRLFSRDA,TRAV17*01,TRBV20-1*01,1,1,1,ATDTTSGTYKYI,SARDLTSGANNEQF,12.0,14.0,HLA-DRB1*15:01,DRB1*15:01,,Ob.1A12
1620,QRCRVHFLRNVLAQV,TRAV17*01,TRBV20-1*01,1,1,2,ATDTTSGTYKYI,SARDLTSGANNEQF,12.0,14.0,H2 class II,,DRA*01:01~DRB1*15:01,Ob.1A12
1620,QRCRVHFMRNLYTAV,TRAV17*01,TRBV20-1*01,1,1,1,ATDTTSGTYKYI,SARDLTSGANNEQF,12.0,14.0,H2 class II,,,Ob.1A12
1620,SARDLTSGANNEQFFGPGTRLTVL,TRAV17*01,TRBV20-1*01,1,1,1,ATDTTSGTYKYI,SARDLTSGANNEQF,12.0,14.0,HLA-DR2,,,Ob.1A12
1620,TLDISNNRLESLPAH,TRAV17*01,TRBV20-1*01,1,1,1,ATDTTSGTYKYI,SARDLTSGANNEQF,12.0,14.0,HLA-DRB1*15:01,DRB1*15:01,,Ob.1A12
1620,TTSEDNEVFGEADANQNNGTSS,TRAV17*01,TRBV20-1*01,1,1,1,ATDTTSGTYKYI,SARDLTSGANNEQF,12.0,14.0,"H2 class II, HLA-DRB1*15:01",DRB1*15:01,,Ob.1A12
1620,VLARLHFYRNDVHKE,TRAV17*01,TRBV20-1*01,1,1,1,ATDTTSGTYKYI,SARDLTSGANNEQF,12.0,14.0,H2 class II,,,Ob.1A12
1852,"SGQGSFQPSQQNP + DEAM(Q3, Q11)",TRAV26-2*01,TRBV9*01,1,1,1,ILRDSRAQKLV,ASSAGTSGEYEQY,11.0,13.0,HLA-DQA1*03:01/DQB1*03:02,DQA1*03:01;DQB1*03:02,DQA1*03:01~DQB1*03:02,L3-12
1853,"SGQGSFQPSQQNP + DEAM(Q3, Q11)",TRAV26-2*01,TRBV9*01,1,1,1,LLRDSRAQKLV,ASSVGVAGEYEQY,11.0,13.0,HLA-DQA1*03:01/DQB1*03:02,DQA1*03:01;DQB1*03:02,DQA1*03:01~DQB1*03:02,E995
1854,"SGQGSFQPSQQNP + DEAM(Q3, Q11)",TRAV26-2*01,TRBV9*01,1,1,1,ILRDRSNQFY,ASSTTPGTGTETQY,10.0,14.0,HLA-DQA1*03:01/DQB1*03:02,DQA1*03:01;DQB1*03:02,DQA1*03:01~DQB1*03:02,S13
1855,"SGQGSFQPSQQNP + DEAM(Q3, Q11)",TRAV26-2*01,TRBV9*01,1,1,1,ILRDDRGGKLI,ASSAGPQAGTQY,11.0,12.0,HLA-DQA1*03:01/DQB1*03:02,DQA1*03:01;DQB1*03:02,DQA1*03:01~DQB1*03:02,B501
1856,"SGQGSFQPSQQNP + DEAM(Q3, Q11)",TRAV26-2*01,TRBV9*01,1,1,1,ILRGRDNYGQNFV,ASSVESGISNNEQF,13.0,14.0,HLA-DQA1*03:01/DQB1*03:02,DQA1*03:01;DQB1*03:02,DQA1*03:01~DQB1*03:02,B503
1857,"SGQGSFQPSQQNP + DEAM(Q3, Q11)",TRAV26-1*01,TRBV9*01,1,1,1,IVTGRGSTLGRLY,ASSVEVSGNTIY,13.0,12.0,HLA-DQA1*03:01/DQB1*03:02,DQA1*03:01;DQB1*03:02,DQA1*03:01~DQB1*03:02,C2501
1858,"SGQGSFQPSQQNP + DEAM(Q3, Q11)",TRAV26-1*01,TRBV9*01,1,1,1,IVHGRQTGANNLF,ASSVEVSGNTIY,13.0,12.0,HLA-DQA1*03:01/DQB1*03:02,DQA1*03:01;DQB1*03:02,DQA1*03:01~DQB1*03:02,Bel501
1859,"SGQGSFQPSQQNP + DEAM(Q3, Q11)",TRAV26-1*01,TRBV6-1*01,1,1,1,IVRGRNAGNMLT,ASSETLGNEQY,12.0,11.0,HLA-DQA1*03:01/DQB1*03:02,DQA1*03:01;DQB1*03:02,DQA1*03:01~DQB1*03:02,B401
1860,"SGQGSFQPSQQNP + DEAM(Q3, Q11)",TRAV26-1*01,TRBV6-1*01,1,1,1,IVRVANLVGNTGKLI,ASSEGPDLAKNIQY,15.0,14.0,HLA-DQA1*03:01/DQB1*03:02,DQA1*03:01;DQB1*03:02,DQA1*03:01~DQB1*03:02,C1401
1861,"SGQGSFQPSQQNP + DEAM(Q3, Q11)",TRAV8-3*01,TRBV6-1*01,1,1,1,AVGETGANNLF,ASSEARRYNEQF,11.0,12.0,HLA-DQA1*03:01/DQB1*03:02,DQA1*03:01;DQB1*03:02,DQA1*03:01~DQB1*03:02,T316
1862,"SGQGSFQPSQQNP + DEAM(Q3, Q11)",TRAV8-3*01,TRBV6-1*01,1,1,1,AVGDTGANNLF,ASSELRRYNEQF,11.0,12.0,HLA-DQA1*03:01/DQB1*03:02,DQA1*03:01;DQB1*03:02,DQA1*03:01~DQB1*03:02,B403
1863,"SGQGSFQPSQQNP + DEAM(Q3, Q11)",TRAV8-3*01,TRBV6-1*01,1,1,1,AVVNTGTASKLT,ASSEGPTGRAGNTIY,12.0,15.0,HLA-DQA1*03:01/DQB1*03:02,DQA1*03:01;DQB1*03:02,DQA1*03:01~DQB1*03:02,B452
1864,"SGQGSFQPSQQNP + DEAM(Q3, Q11)",TRAV17*01,TRBV6-1*01,1,1,1,ATDFPGTASKLT,ASSEALPGRSGNTIY,12.0,15.0,HLA-DQA1*03:01/DQB1*03:02,DQA1*03:01;DQB1*03:02,DQA1*03:01~DQB1*03:02,LS1.2
1865,"SGQGSFQPSQQNP + DEAM(Q3, Q11)",TRAV4*01,TRBV6-1*01,1,1,1,LVGDGISGGYNKLI,ASSEGLAVAKNIQY,14.0,14.0,HLA-DQA1*03:01/DQB1*03:02,DQA1*03:01;DQB1*03:02,DQA1*03:01~DQB1*03:02,Bel403
1866,"SGQGSFQPSQQNP + DEAM(Q3, Q11)",TRAV20*01,TRBV20-1*01,1,1,1,AVMYVQGAQKLV,SASRAGDFSTDTQY,12.0,14.0,HLA-DQA1*03:01/DQB1*03:02,DQA1*03:01;DQB1*03:02,DQA1*03:01~DQB1*03:02,Bel401
1867,"SGQGSFQPSQQNP + DEAM(Q3, Q11)",TRAV38,TRBV9*01,1,1,1,AYRSARGARLM,ASSVAVSAGTYEQY,11.0,14.0,HLA-DQA1*03:01/DQB1*03:02,DQA1*03:01;DQB1*03:02,DQA1*03:01~DQB1*03:02,SP4.6
1868,"SGQGSFQPSQQNP + DEAM(Q3, Q11)",TRAV13-1*02,TRBV4-2*01,1,1,1,AGGSSNTGKLI,ASSQDIRNTGELF,11.0,13.0,HLA-DQA1*03:01/DQB1*03:02,DQA1*03:01;DQB1*03:02,DQA1*03:01~DQB1*03:02,S16
1902,"SGQGSFQPSQQNP + DEAM(Q3, Q11)",TRAV26-2*01,TRBV9*01,1,1,1,LLRDGRGGADGLT,ASSVAVSAGTYEQY,13.0,14.0,HLA-DQA1*03:01/DQB1*03:02,DQA1*03:01;DQB1*03:02,DQA1*03:01~DQB1*03:02,SP3.4
19832,VHFFKNIVTPRTP,TRAV9-2*01,TRBV5-1*01,1,1,1,ALSGGDSSYKLI,ASSLADRVNTEAF,12.0,13.0,HLA-DRA*01:01/DRB5*01:01,DRA*01:01;DRB5*01:01,,3A6
201817,PKAKYIIWPRIDQKSCFKSM,,,1,1,1,CAMSQDRNSGYSTLTF,CASSPAGAADTQYF,16.0,14.0,HLA-DR3,,,a16_b33
201818,FLTLRHKRPKAKYIIWPRID,,,1,1,1,CAHYMNYGGSQGNLIF,CASSPQTGVQETQYF,16.0,15.0,HLA-DR3,,,a8_b38
201818,PKAKYIIWPRIDQKSCFKSM,,,1,1,1,CAHYMNYGGSQGNLIF,CASSPQTGVQETQYF,16.0,15.0,HLA-DR3,,,a8_b38
201819,GVQSSKCMHLIQQGARVGRI,,,1,1,1,CAVGSGGYNKLIF,CASSFPGQGVYGYTF,13.0,15.0,HLA-DR3,,,a27_b9
201819,HLIQQGARVGRIDAFVQSLD,,,1,1,1,CAVGSGGYNKLIF,CASSFPGQGVYGYTF,13.0,15.0,HLA-DR3,,,a27_b9
201820,GVQSSKCMHLIQQGARVGRI,,,1,1,1,CAVTPSGGYQKVTF,CASSSFDRGNYGYTF,14.0,15.0,HLA-DR3,,,a38_b49
201820,HLIQQGARVGRIDAFVQSLD,,,1,1,1,CAVTPSGGYQKVTF,CASSSFDRGNYGYTF,14.0,15.0,HLA-DR3,,,a38_b49
201829,DENPVVHFFKNIVTP,,,1,1,1,CATDTTSGTYKYIF,CSARDLTSGANNEQFF,14.0,16.0,HLA-DRA*01:01/DRB1*15:01,DRA*01:01;DRB1*15:01,DRA*01:01~DRB1*15:01,Ob.1A12
201829,ENPVVHFFKNIVTPR,,,1,1,1,CATDTTSGTYKYIF,CSARDLTSGANNEQFF,14.0,16.0,HLA-DRA*01:01/DRB1*15:01,DRA*01:01;DRB1*15:01,DRA*01:01~DRB1*15:01,Ob.1A12
201829,NPVVHFFKNIVTPRT,,,1,1,1,CATDTTSGTYKYIF,CSARDLTSGANNEQFF,14.0,16.0,HLA-DRA*01:01/DRB1*15:01,DRA*01:01;DRB1*15:01,DRA*01:01~DRB1*15:01,Ob.1A12
201829,PVVHFFKNIVTPRTP,,,1,1,1,CATDTTSGTYKYIF,CSARDLTSGANNEQFF,14.0,16.0,HLA-DRA*01:01/DRB1*15:01,DRA*01:01;DRB1*15:01,DRA*01:01~DRB1*15:01,Ob.1A12
201829,QDENPVVHFFKNIVT,,,1,1,1,CATDTTSGTYKYIF,CSARDLTSGANNEQFF,14.0,16.0,HLA-DRA*01:01/DRB1*15:01,DRA*01:01;DRB1*15:01,DRA*01:01~DRB1*15:01,Ob.1A12
201829,VHFFKNIVTPRTP,,,1,1,1,CATDTTSGTYKYIF,CSARDLTSGANNEQFF,14.0,16.0,HLA-DRA*01:01/DRB1*15:01,DRA*01:01;DRB1*15:01,DRA*01:01~DRB1*15:01,Ob.1A12
201830,ENPVVHFFKNIVTPR,,,1,1,1,CATDATSGTYKYIF,CSARDLTSGSLNEQFF,14.0,16.0,HLA-DRA*01:01/DRB1*15:01,DRA*01:01;DRB1*15:01,DRA*01:01~DRB1*15:01,Ob.2F3
201830,VHFFKNIVTPRTP,,,1,1,1,CATDATSGTYKYIF,CSARDLTSGSLNEQFF,14.0,16.0,HLA-DRA*01:01/DRB1*15:01,DRA*01:01;DRB1*15:01,DRA*01:01~DRB1*15:01,Ob.2F3
201907,FPQPQQPFPWQP + DEAM(Q5),,,1,1,1,LVGGELTGGGNKLT,PWGDPLQPTITI,14.0,12.0,HLA-DQA1*05:01/DQB1*02:01,DQA1*05:01;DQB1*02:01,DQA1*05:01~DQB1*02:01,TCC737P.A.37
201907,"PQPQLPYPQPQ + DEAM(Q4, Q11)",,,1,1,1,LVGGELTGGGNKLT,PWGDPLQPTITI,14.0,12.0,HLA-DQA1*05:01/DQB1*02:01,DQA1*05:01;DQB1*02:01,DQA1*05:01~DQB1*02:01,TCC737P.A.37
201908,FPQPQQPFPWQP + DEAM(Q5),,,1,1,1,LVGGELTGGGNKLT,ASSQDTGNWGQRPD,14.0,14.0,HLA-DQA1*05:01/DQB1*02:01,DQA1*05:01;DQB1*02:01,DQA1*05:01~DQB1*02:01,TCC737P.A.3
201908,"PQPQLPYPQPQ + DEAM(Q4, Q11)",,,1,1,1,LVGGELTGGGNKLT,ASSQDTGNWGQRPD,14.0,14.0,HLA-DQA1*05:01/DQB1*02:01,DQA1*05:01;DQB1*02:01,DQA1*05:01~DQB1*02:01,TCC737P.A.3
201909,FPQPQQPFPWQP + DEAM(Q5),,,1,1,1,ALSDPTGTASKLT,PSSQISSDSGGQY,13.0,13.0,HLA-DQA1*05:01/DQB1*02:01,DQA1*05:01;DQB1*02:01,DQA1*05:01~DQB1*02:01,TCC737P.A.32
201909,"PQPQLPYPQPQ + DEAM(Q4, Q11)",,,1,1,1,ALSDPTGTASKLT,PSSQISSDSGGQY,13.0,13.0,HLA-DQA1*05:01/DQB1*02:01,DQA1*05:01;DQB1*02:01,DQA1*05:01~DQB1*02:01,TCC737P.A.32
201910,FPQPQQPFPWQP + DEAM(Q5),,,1,1,1,ALSDPTGTASKLT,ASSQVNRHNEQF,13.0,12.0,HLA-DQA1*05:01/DQB1*02:01,DQA1*05:01;DQB1*02:01,DQA1*05:01~DQB1*02:01,TCC737P.A.43
201911,"PQPQLPYPQPQ + DEAM(Q4, Q11)",,,1,1,1,AVEPWAGSNYQLI,ASSLGGRDRGAYEQY,13.0,15.0,HLA-DQA1*05:01/DQB1*02:01,DQA1*05:01;DQB1*02:01,DQA1*05:01~DQB1*02:01,TCC578P.A.72
201993,QLQPFPQPQLPY + DEAM(Q9),,,1,1,1,GTGSGGYQKVT,ASSIVADNEQF,11.0,11.0,HLA-DQA1*05:01/DQB1*02:01,DQA1*05:01;DQB1*02:01,DQA1*05:01~DQB1*02:01,TCC1030.63
201994,QLQPFPQPQLPY + DEAM(Q9),,,1,1,1,AANLYNQGGKLI,ASSLRTGEETQY,12.0,12.0,HLA-DQA1*05:01/DQB1*02:01,DQA1*05:01;DQB1*02:01,DQA1*05:01~DQB1*02:01,TCC442D.A.23
201995,QLQPFPQPQLPY + DEAM(Q9),,,1,1,1,AASEGDSGTYKYI,ASSINALVGEQF,13.0,12.0,HLA-DQA1*05:01/DQB1*02:01,DQA1*05:01;DQB1*02:01,DQA1*05:01~DQB1*02:01,TCC442D.A.45
201996,PQQPFPQPQQPFP + DEAM(Q9),,,1,1,1,AFVGGSTYKLT,ASSIYRASSNQPQH,11.0,14.0,HLA-DQA1*05:01/DQB1*02:01,DQA1*05:01;DQB1*02:01,DQA1*05:01~DQB1*02:01,TCC1340D.B.10
201996,QLQPFPQPQLPY + DEAM(Q9),,,1,1,1,AFVGGSTYKLT,ASSIYRASSNQPQH,11.0,14.0,HLA-DQA1*05:01/DQB1*02:01,DQA1*05:01;DQB1*02:01,DQA1*05:01~DQB1*02:01,TCC1340D.B.10
201997,PQQPFPQPQQPFP + DEAM(Q9),,,1,1,1,AGDSGGGADGLT,ASSLAARTPYSGNTIY,12.0,16.0,HLA-DQA1*05:01/DQB1*02:01,DQA1*05:01;DQB1*02:01,DQA1*05:01~DQB1*02:01,TCC442D.A.13
201997,QLQPFPQPQLPY + DEAM(Q9),,,1,1,1,AGDSGGGADGLT,ASSLAARTPYSGNTIY,12.0,16.0,HLA-DQA1*05:01/DQB1*02:01,DQA1*05:01;DQB1*02:01,DQA1*05:01~DQB1*02:01,TCC442D.A.13
201998,PQQPFPQPQQPFP + DEAM(Q9),,,1,1,1,ALQLYNFNKFY,ASSLTFSGGLEQY,11.0,13.0,HLA-DQA1*05:01/DQB1*02:01,DQA1*05:01;DQB1*02:01,DQA1*05:01~DQB1*02:01,TCC442D.A.18
201998,QLQPFPQPQLPY + DEAM(Q9),,,1,1,1,ALQLYNFNKFY,ASSLTFSGGLEQY,11.0,13.0,HLA-DQA1*05:01/DQB1*02:01,DQA1*05:01;DQB1*02:01,DQA1*05:01~DQB1*02:01,TCC442D.A.18
201999,PQQPFPQPQQPFP + DEAM(Q9),,,1,1,1,AMSAGTGNQFY,SVGPVSTDTQY,11.0,11.0,HLA-DQA1*05:01/DQB1*02:01,DQA1*05:01;DQB1*02:01,DQA1*05:01~DQB1*02:01,TCC442P.C.21
201999,QLQPFPQPQLPY + DEAM(Q9),,,1,1,1,AMSAGTGNQFY,SVGPVSTDTQY,11.0,11.0,HLA-DQA1*05:01/DQB1*02:01,DQA1*05:01;DQB1*02:01,DQA1*05:01~DQB1*02:01,TCC442P.C.21
202000,PQQPFPQPQQPFP + DEAM(Q9),,,1,1,1,AVEGGSNYKLT,SVGAGGSGELF,11.0,11.0,HLA-DQA1*05:01/DQB1*02:01,DQA1*05:01;DQB1*02:01,DQA1*05:01~DQB1*02:01,TCC1340D.B.1
202000,QLQPFPQPQLPY + DEAM(Q9),,,1,1,1,AVEGGSNYKLT,SVGAGGSGELF,11.0,11.0,HLA-DQA1*05:01/DQB1*02:01,DQA1*05:01;DQB1*02:01,DQA1*05:01~DQB1*02:01,TCC1340D.B.1
202001,QLQPFPQPQLPY + DEAM(Q9),,,1,1,1,AVEGGSNYKLT,SVGAGGTGELF,11.0,11.0,HLA-DQA1*05:01/DQB1*02:01,DQA1*05:01;DQB1*02:01,DQA1*05:01~DQB1*02:01,
202002,QLQPFPQPQLPY + DEAM(Q9),,,1,1,1,AVGVDRGSTLGRLY,ASSFSVAGELF,14.0,11.0,HLA-DQA1*05:01/DQB1*02:01,DQA1*05:01;DQB1*02:01,DQA1*05:01~DQB1*02:01,TCC442D.A.5
202003,QLQPFPQPQLPY + DEAM(Q9),,,1,1,1,LVGDDGGYQKVT,ASSSATQGNIH,12.0,11.0,HLA-DQA1*05:01/DQB1*02:01,DQA1*05:01;DQB1*02:01,DQA1*05:01~DQB1*02:01,TCC442D.A.3
202004,PQQPFPQPQQPFP + DEAM(Q9),,,1,1,1,LVGDITFNKFY,ASSWTQGSYEQY,11.0,12.0,HLA-DQA1*05:01/DQB1*02:01,DQA1*05:01;DQB1*02:01,DQA1*05:01~DQB1*02:01,TCC442D.A.40
202004,QLQPFPQPQLPY + DEAM(Q9),,,1,1,1,LVGDITFNKFY,ASSWTQGSYEQY,11.0,12.0,HLA-DQA1*05:01/DQB1*02:01,DQA1*05:01;DQB1*02:01,DQA1*05:01~DQB1*02:01,TCC442D.A.40
202005,QLQPFPQPQLPY + DEAM(Q9),,,1,1,1,AVNARNAGNMLT,ASSFDGETQY,12.0,10.0,HLA-DQA1*05:01/DQB1*02:01,DQA1*05:01;DQB1*02:01,DQA1*05:01~DQB1*02:01,TCC1030.66
202006,QLQPFPQPQLPY + DEAM(Q9),,,1,1,1,AVATDRGSTLGRLY,ASSFSPSNNEQF,14.0,12.0,HLA-DQA1*05:01/DQB1*02:01,DQA1*05:01;DQB1*02:01,DQA1*05:01~DQB1*02:01,TCC1030.67
202007,QLQPFPQPQLPY + DEAM(Q9),,,1,1,1,AMSSYTGNQFY,ASSLDRNTEQH,11.0,11.0,HLA-DQA1*05:01/DQB1*02:01,DQA1*05:01;DQB1*02:01,DQA1*05:01~DQB1*02:01,TCC1030.68
202008,QLQPFPQPQLPY + DEAM(Q9),,,1,1,1,AMSSYTGNQFY,ASSLVSNTEAF,11.0,11.0,HLA-DQA1*05:01/DQB1*02:01,DQA1*05:01;DQB1*02:01,DQA1*05:01~DQB1*02:01,TCC1030.72
202009,QLQPFPQPQLPY + DEAM(Q9),,,1,1,1,AVPNRDDKII,SSSLKQEYSGNTIY,10.0,14.0,HLA-DQA1*05:01/DQB1*02:01,DQA1*05:01;DQB1*02:01,DQA1*05:01~DQB1*02:01,TCC1030.70
202010,QLQPFPQPQLPY + DEAM(Q9),,,1,1,1,AGQLYTDKLI,SASRTFGSYEQY,10.0,12.0,HLA-DQA1*05:01/DQB1*02:01,DQA1*05:01;DQB1*02:01,DQA1*05:01~DQB1*02:01,TCC1030.74
202011,QLQPFPQPQLPY + DEAM(Q9),,,1,1,1,AALPSHGSGNTGKLI,ASNRQGWSDEAF,15.0,12.0,HLA-DQA1*05:01/DQB1*02:01,DQA1*05:01;DQB1*02:01,DQA1*05:01~DQB1*02:01,TCC1030.75
202012,QLQPFPQPQLPY + DEAM(Q9),,,1,1,1,ALSAPGADSWGKFQ,SSGPGGMAYNSPLH,14.0,14.0,HLA-DQA1*05:01/DQB1*02:01,DQA1*05:01;DQB1*02:01,DQA1*05:01~DQB1*02:01,TCC1030.78
202013,QLQPFPQPQLPY + DEAM(Q9),,,1,1,1,ASVGGNNRLA,ASSSVEGNEQF,10.0,11.0,HLA-DQA1*05:01/DQB1*02:01,DQA1*05:01;DQB1*02:01,DQA1*05:01~DQB1*02:01,TCC1030.80
202014,QLQPFPQPQLPY + DEAM(Q9),,,1,1,1,AGSDNYGQNFV,ASSLGPGADTQY,11.0,12.0,HLA-DQA1*05:01/DQB1*02:01,DQA1*05:01;DQB1*02:01,DQA1*05:01~DQB1*02:01,TCC1030.81
202015,QLQPFPQPQLPY + DEAM(Q9),,,1,1,1,LWPQFIRRQQYAD,SAGDGGQETQY,13.0,11.0,HLA-DQA1*05:01/DQB1*02:01,DQA1*05:01;DQB1*02:01,DQA1*05:01~DQB1*02:01,TCC1095.22
202016,QLQPFPQPQLPY + DEAM(Q9),,,1,1,1,AAVHSGGYNKLI,SAGDGGQETQY,12.0,11.0,HLA-DQA1*05:01/DQB1*02:01,DQA1*05:01;DQB1*02:01,DQA1*05:01~DQB1*02:01,TCC1095.25
202017,QLQPFPQPQLPY + DEAM(Q9),,,1,1,1,AVLGPSPNAGNNRKLI,ASNWIVHTQY,16.0,10.0,HLA-DQA1*05:01/DQB1*02:01,DQA1*05:01;DQB1*02:01,DQA1*05:01~DQB1*02:01,TCC1095.29
202018,QLQPFPQPQLPY + DEAM(Q9),,,1,1,1,AGAWGNNDMR,ASSPHRLAADYEQY,10.0,14.0,HLA-DQA1*05:01/DQB1*02:01,DQA1*05:01;DQB1*02:01,DQA1*05:01~DQB1*02:01,TCC1096.28
202019,QLQPFPQPQLPY + DEAM(Q9),,,1,1,1,AESISDSWGKLQ,SAGGEYNEQF,12.0,10.0,HLA-DQA1*05:01/DQB1*02:01,DQA1*05:01;DQB1*02:01,DQA1*05:01~DQB1*02:01,TCC1096.32
202020,QLQPFPQPQLPY + DEAM(Q9),,,1,1,1,AASALDDMR,ASSLRLATGGELF,9.0,13.0,HLA-DQA1*05:01/DQB1*02:01,DQA1*05:01;DQB1*02:01,DQA1*05:01~DQB1*02:01,TCC1096.35
202021,QLQPFPQPQLPY + DEAM(Q9),,,1,1,1,AGVPGFQKLV,SATKPLGLAGGDEQY,10.0,15.0,HLA-DQA1*05:01/DQB1*02:01,DQA1*05:01;DQB1*02:01,DQA1*05:01~DQB1*02:01,TCC1096.41
202022,QLQPFPQPQLPY + DEAM(Q9),,,1,1,1,VLHQAGGGNKLT,ASSFGSGEGDTQY,12.0,13.0,HLA-DQA1*05:01/DQB1*02:01,DQA1*05:01;DQB1*02:01,DQA1*05:01~DQB1*02:01,TCC1096.42
202023,QLQPFPQPQLPY + DEAM(Q9),,,1,1,1,AVEDLRAGSYQLT,SAAVSSGNTIY,13.0,11.0,HLA-DQA1*05:01/DQB1*02:01,DQA1*05:01;DQB1*02:01,DQA1*05:01~DQB1*02:01,TCC1096.46
202024,QLQPFPQPQLPY + DEAM(Q9),,,1,1,1,LVGGGNFNKFY,SVGTSWDTGELD,11.0,12.0,HLA-DQA1*05:01/DQB1*02:01,DQA1*05:01;DQB1*02:01,DQA1*05:01~DQB1*02:01,TCC1096.47
202025,QLQPFPQPQLPY + DEAM(Q9),,,1,1,1,AATQVTNNNDMR,SVANRPGDTEAF,12.0,12.0,HLA-DQA1*05:01/DQB1*02:01,DQA1*05:01;DQB1*02:01,DQA1*05:01~DQB1*02:01,TCC1096.48
202026,QLQPFPQPQLPY + DEAM(Q9),,,1,1,1,AVEEHNQGGKLI,ASSQGLYQETQY,12.0,12.0,HLA-DQA1*05:01/DQB1*02:01,DQA1*05:01;DQB1*02:01,DQA1*05:01~DQB1*02:01,TCC1096.50
202027,QLQPFPQPQLPY + DEAM(Q9),,,1,1,1,LVGDRASNAGNMLT,SVTVGQDSGELF,14.0,12.0,HLA-DQA1*05:01/DQB1*02:01,DQA1*05:01;DQB1*02:01,DQA1*05:01~DQB1*02:01,TCC1096.57
202028,QLQPFPQPQLPY + DEAM(Q9),,,1,1,1,AATEVTNTDKLI,SVANRPGDNEAF,12.0,12.0,HLA-DQA1*05:01/DQB1*02:01,DQA1*05:01;DQB1*02:01,DQA1*05:01~DQB1*02:01,TCC1096.63
202029,QLQPFPQPQLPY + DEAM(Q9),,,1,1,1,IVLTTDSWGKFQ,SVGLPGTEAF,12.0,10.0,HLA-DQA1*05:01/DQB1*02:01,DQA1*05:01;DQB1*02:01,DQA1*05:01~DQB1*02:01,TCC1096.69
202030,QLQPFPQPQLPY + DEAM(Q9),,,1,1,1,AATEVSNTGKLI,SVANRPGDNEAF,12.0,12.0,HLA-DQA1*05:01/DQB1*02:01,DQA1*05:01;DQB1*02:01,DQA1*05:01~DQB1*02:01,TCC1096.73
202099,"PQPQLPYPQPQ + DEAM(Q4, Q11)",,,1,1,1,AVCMEYGNKLV,ASSLRVAGGHEQF,11.0,13.0,HLA-DQA1*05:01/DQB1*02:01,DQA1*05:01;DQB1*02:01,DQA1*05:01~DQB1*02:01,TCC1030.5
202100,"PQPQLPYPQPQ + DEAM(Q4, Q11)",,,1,1,1,ALAGSARQLT,ASSLLAGGAYQETQY,10.0,15.0,HLA-DQA1*05:01/DQB1*02:01,DQA1*05:01;DQB1*02:01,DQA1*05:01~DQB1*02:01,TCC1030.50
202101,"PQPQLPYPQPQ + DEAM(Q4, Q11)",,,1,1,1,ALNNNAGNMLT,ASSLAHPTDTQY,11.0,12.0,HLA-DQA1*05:01/DQB1*02:01,DQA1*05:01;DQB1*02:01,DQA1*05:01~DQB1*02:01,TCC1030.53
202102,"PQPQLPYPQPQ + DEAM(Q4, Q11)",,,1,1,1,AVRELFSGGYNKLI,ASSVTGTGFADTQY,14.0,14.0,HLA-DQA1*05:01/DQB1*02:01,DQA1*05:01;DQB1*02:01,DQA1*05:01~DQB1*02:01,TCC1030.54
202103,"PQPQLPYPQPQ + DEAM(Q4, Q11)",,,1,1,1,AVLMDSNYQLI,ASSLAQGGDTQY,11.0,12.0,HLA-DQA1*05:01/DQB1*02:01,DQA1*05:01;DQB1*02:01,DQA1*05:01~DQB1*02:01,TCC1030.60
202104,"PQPQLPYPQPQ + DEAM(Q4, Q11)",,,1,1,1,QKRGSARQLT,ASSLLAGGEDQETQY,10.0,15.0,HLA-DQA1*05:01/DQB1*02:01,DQA1*05:01;DQB1*02:01,DQA1*05:01~DQB1*02:01,TCC1030.9
202105,"PQPQLPYPQPQ + DEAM(Q4, Q11)",,,1,1,1,IVYNDYKLS,ASSIRYTDTQY,9.0,11.0,HLA-DQA1*05:01/DQB1*02:01,DQA1*05:01;DQB1*02:01,DQA1*05:01~DQB1*02:01,TCC1095.30
202106,"PQPQLPYPQPQ + DEAM(Q4, Q11)",,,1,1,1,IVYNDYKLS,ASSLRTTDTQY,9.0,11.0,HLA-DQA1*05:01/DQB1*02:01,DQA1*05:01;DQB1*02:01,DQA1*05:01~DQB1*02:01,TCC801.14
202107,"PQPQLPYPQPQ + DEAM(Q4, Q11)",,,1,1,1,IVRVAGDDKII,ASSLRGFGADTQY,11.0,13.0,HLA-DQA1*05:01/DQB1*02:01,DQA1*05:01;DQB1*02:01,DQA1*05:01~DQB1*02:01,TCC1095.31
202108,"PQPQLPYPQPQ + DEAM(Q4, Q11)",,,1,1,1,IAFNARLM,ASSVRVTDTQY,8.0,11.0,HLA-DQA1*05:01/DQB1*02:01,DQA1*05:01;DQB1*02:01,DQA1*05:01~DQB1*02:01,TCC1095.33
202109,"PQPQLPYPQPQ + DEAM(Q4, Q11)",,,1,1,1,AFNTDKLI,ASSLFGGVSTDTQY,8.0,14.0,HLA-DQA1*05:01/DQB1*02:01,DQA1*05:01;DQB1*02:01,DQA1*05:01~DQB1*02:01,TCC1096.19
202110,"PQPQLPYPQPQ + DEAM(Q4, Q11)",,,1,1,1,APDLTGGGNKLT,ASSLRLAGAHEQF,12.0,13.0,HLA-DQA1*05:01/DQB1*02:01,DQA1*05:01;DQB1*02:01,DQA1*05:01~DQB1*02:01,TCC1096.29
202111,"PQPQLPYPQPQ + DEAM(Q4, Q11)",,,1,1,1,LVGDGNYGQNFV,ASSLRQGDSQPQH,12.0,13.0,HLA-DQA1*05:01/DQB1*02:01,DQA1*05:01;DQB1*02:01,DQA1*05:01~DQB1*02:01,TCC1096.31
202112,"PQPQLPYPQPQ + DEAM(Q4, Q11)",,,1,1,1,AVAETGGFKTI,ASSHGQPSTDTQY,11.0,13.0,HLA-DQA1*05:01/DQB1*02:01,DQA1*05:01;DQB1*02:01,DQA1*05:01~DQB1*02:01,TCC1096.33
202113,"PQPQLPYPQPQ + DEAM(Q4, Q11)",,,1,1,1,AASAIAGGYNKLI,SAPPGQQETQY,13.0,11.0,HLA-DQA1*05:01/DQB1*02:01,DQA1*05:01;DQB1*02:01,DQA1*05:01~DQB1*02:01,TCC1096.54
202114,"PQPQLPYPQPQ + DEAM(Q4, Q11)",,,1,1,1,AEGDNFNKFY,ASSSWGYNEQF,10.0,11.0,HLA-DQA1*05:01/DQB1*02:01,DQA1*05:01;DQB1*02:01,DQA1*05:01~DQB1*02:01,TCC1096.55
202115,"PQPQLPYPQPQ + DEAM(Q4, Q11)",,,1,1,1,IVSSFGNEKLT,ASSTRALGTDTQY,11.0,13.0,HLA-DQA1*05:01/DQB1*02:01,DQA1*05:01;DQB1*02:01,DQA1*05:01~DQB1*02:01,TCC1096.56
202116,"PQPQLPYPQPQ + DEAM(Q4, Q11)",,,1,1,1,IVPPGGSGGSNYKLT,ASSWTQTDTQY,15.0,11.0,HLA-DQA1*05:01/DQB1*02:01,DQA1*05:01;DQB1*02:01,DQA1*05:01~DQB1*02:01,TCC1096.58
202117,"PQPQLPYPQPQ + DEAM(Q4, Q11)",,,1,1,1,ALSNLDGQKLL,ASSVRTSGSHEQY,11.0,13.0,HLA-DQA1*05:01/DQB1*02:01,DQA1*05:01;DQB1*02:01,DQA1*05:01~DQB1*02:01,TCC1096.79
202118,"PQPQLPYPQPQ + DEAM(Q4, Q11)",,,1,1,1,IVFNDYKLS,ASSFRSTDTQY,9.0,11.0,HLA-DQA1*05:01/DQB1*02:01,DQA1*05:01;DQB1*02:01,DQA1*05:01~DQB1*02:01,TCC525.11
202119,"PQPQLPYPQPQ + DEAM(Q4, Q11)",,,1,1,1,IAYGKLT,ASSVRFTDTQY,7.0,11.0,HLA-DQA1*05:01/DQB1*02:01,DQA1*05:01;DQB1*02:01,DQA1*05:01~DQB1*02:01,TCC525.12
202120,"PQPQLPYPQPQ + DEAM(Q4, Q11)",,,1,1,1,IALNARLM,ASSLRATDTQY,8.0,11.0,HLA-DQA1*05:01/DQB1*02:01,DQA1*05:01;DQB1*02:01,DQA1*05:01~DQB1*02:01,TCC525.16
202121,"PQPQLPYPQPQ + DEAM(Q4, Q11)",,,1,1,1,IVNGGANNLF,ASSIRHTDTQY,10.0,11.0,HLA-DQA1*05:01/DQB1*02:01,DQA1*05:01;DQB1*02:01,DQA1*05:01~DQB1*02:01,TCC525.2
202122,PQQPFPQPQQPFP + DEAM(Q9),,,1,1,1,ALSDQDTGRRALT,ASSQDPVTSGRAGELF,13.0,16.0,HLA-DQA1*05:01/DQB1*02:01,DQA1*05:01;DQB1*02:01,DQA1*05:01~DQB1*02:01,TCC442P.C.15
202123,PQQPFPQPQQPFP + DEAM(Q9),,,1,1,1,ALSDQDTGRRALT,ASSQDPVTSGRAGELF,13.0,16.0,HLA-DQA1*05:01/DQB1*02:01,DQA1*05:01;DQB1*02:01,DQA1*05:01~DQB1*02:01,TCC442P.C.16
202124,FPQPQQPFPWQP + DEAM(Q5),,,1,1,2,ALSEDTDKLI,ASSLRAGVLPPYEQY,10.0,15.0,HLA-DQA1*05:01/DQB1*02:01,DQA1*05:01;DQB1*02:01,DQA1*05:01~DQB1*02:01,TCC442P.C.14
202124,PQQPFPQPQQPFP + DEAM(Q9),,,1,1,1,ALSEDTDKLI,ASSLRAGVLPPYEQY,10.0,15.0,HLA-DQA1*05:01/DQB1*02:01,DQA1*05:01;DQB1*02:01,DQA1*05:01~DQB1*02:01,TCC442P.C.14
202125,PQQPFPQPQQPFP + DEAM(Q9),,,1,1,1,AMIQETSYDKVI,ASCPGLAGAETQY,12.0,13.0,HLA-DQA1*05:01/DQB1*02:01,DQA1*05:01;DQB1*02:01,DQA1*05:01~DQB1*02:01,TCC442D.A.37
202126,PQQPFPQPQQPFP + DEAM(Q9),,,1,1,1,AVGVDRGSTLGRLY,ASSFSVAGELF,14.0,11.0,HLA-DQA1*05:01/DQB1*02:01,DQA1*05:01;DQB1*02:01,DQA1*05:01~DQB1*02:01,TCC442D.A.42
202127,PQQPFPQPQQPFP + DEAM(Q9),,,1,1,1,AVVDASSKLI,SATLGGDYGYT,10.0,11.0,HLA-DQA1*05:01/DQB1*02:01,DQA1*05:01;DQB1*02:01,DQA1*05:01~DQB1*02:01,TCC442D.A.2
202128,PQQPFPQPQQPFP + DEAM(Q9),,,1,1,1,LLLRTGTTLI,ASSLGALEETQY,10.0,12.0,HLA-DQA1*05:01/DQB1*02:01,DQA1*05:01;DQB1*02:01,DQA1*05:01~DQB1*02:01,TCC442P.C.6
202129,PQQPFPQPQQPFP + DEAM(Q9),,,1,1,1,LVGGLARDMR,SVALGSDTGELF,10.0,12.0,HLA-DQA1*05:01/DQB1*02:01,DQA1*05:01;DQB1*02:01,DQA1*05:01~DQB1*02:01,TCC1383P.A.5
202129,QLQPFPQPQLPY + DEAM(Q9),,,1,1,1,LVGGLARDMR,SVALGSDTGELF,10.0,12.0,HLA-DQA1*05:01/DQB1*02:01,DQA1*05:01;DQB1*02:01,DQA1*05:01~DQB1*02:01,TCC1383P.A.5
202130,PQQPFPQPQQPFP + DEAM(Q9),,,1,1,1,LVGGYNNNDMR,SAQLAGGGGDTQY,11.0,13.0,HLA-DQA1*05:01/DQB1*02:01,DQA1*05:01;DQB1*02:01,DQA1*05:01~DQB1*02:01,TCC442P.C.3
202131,PQQPFPQPQQPFP + DEAM(Q9),,,1,1,1,LVGGYNNNDMR,SAQLAGGWGDTQY,11.0,13.0,HLA-DQA1*05:01/DQB1*02:01,DQA1*05:01;DQB1*02:01,DQA1*05:01~DQB1*02:01,TCC442P.C.23
202132,PQQPFPQPQQPFP + DEAM(Q9),,,1,1,1,VVNSLNDMR,ASSLGLADSYEQY,9.0,13.0,HLA-DQA1*05:01/DQB1*02:01,DQA1*05:01;DQB1*02:01,DQA1*05:01~DQB1*02:01,TCC442D.A.1
202132,QLQPFPQPQLPY + DEAM(Q9),,,1,1,1,VVNSLNDMR,ASSLGLADSYEQY,9.0,13.0,HLA-DQA1*05:01/DQB1*02:01,DQA1*05:01;DQB1*02:01,DQA1*05:01~DQB1*02:01,TCC442D.A.1
202133,PQQPFPQPQQPFP + DEAM(Q9),,,1,1,1,VVYQAGTALI,ASSLGALEETQY,10.0,12.0,HLA-DQA1*05:01/DQB1*02:01,DQA1*05:01;DQB1*02:01,DQA1*05:01~DQB1*02:01,TCC442P.C.2
202134,FPQPQQPFPWQP + DEAM(Q5),,,1,1,1,NIIQGAQKLV,SASKQENTEAF,10.0,11.0,HLA-DQA1*05:01/DQB1*02:01,DQA1*05:01;DQB1*02:01,DQA1*05:01~DQB1*02:01,TCC578P.A.41
202135,FPQPQQPFPWQP + DEAM(Q5),,,1,1,1,AMREGRYSSASKII,ATSRAGGGGEKLF,14.0,13.0,HLA-DQA1*05:01/DQB1*02:01,DQA1*05:01;DQB1*02:01,DQA1*05:01~DQB1*02:01,TCC578P.A.42
202136,FPQPQQPFPWQP + DEAM(Q5),,,1,1,1,AMSGGSNYQLI,ASGKQQGEAF,11.0,10.0,HLA-DQA1*05:01/DQB1*02:01,DQA1*05:01;DQB1*02:01,DQA1*05:01~DQB1*02:01,TCC578P.A.45
202137,FPQPQQPFPWQP + DEAM(Q5),,,1,1,1,APSRDNYGQNFV,ASRPRSPGTNYGYT,12.0,14.0,HLA-DQA1*05:01/DQB1*02:01,DQA1*05:01;DQB1*02:01,DQA1*05:01~DQB1*02:01,TCC578P.A.47
202138,FPQPQQPFPWQP + DEAM(Q5),,,1,1,1,LVGDGDGGATNKLI,ASSQGSGGNEQF,14.0,12.0,HLA-DQA1*05:01/DQB1*02:01,DQA1*05:01;DQB1*02:01,DQA1*05:01~DQB1*02:01,TCC578P.A.55
202139,FPQPQQPFPWQP + DEAM(Q5),,,1,1,1,ATDAGTNAGKST,ASSQAPSREERGEDTQY,12.0,17.0,HLA-DQA1*05:01/DQB1*02:01,DQA1*05:01;DQB1*02:01,DQA1*05:01~DQB1*02:01,TCC578P.A.59
202140,FPQPQQPFPWQP + DEAM(Q5),,,1,1,1,AVNENNNARLM,ASSGRAGYGYT,11.0,11.0,HLA-DQA1*05:01/DQB1*02:01,DQA1*05:01;DQB1*02:01,DQA1*05:01~DQB1*02:01,TCC578P.A.60
202141,FPQPQQPFPWQP + DEAM(Q5),,,1,1,1,AVTSSNTGKLI,ASSHRVGYGYT,11.0,11.0,HLA-DQA1*05:01/DQB1*02:01,DQA1*05:01;DQB1*02:01,DQA1*05:01~DQB1*02:01,TCC578P.A.61
202142,FPQPQQPFPWQP + DEAM(Q5),,,1,1,1,AVRDETGGFKTI,ASSQDAGTVPNSPLH,12.0,15.0,HLA-DQA1*05:01/DQB1*02:01,DQA1*05:01;DQB1*02:01,DQA1*05:01~DQB1*02:01,TCC578P.A.80
202143,FPQPQQPFPWQP + DEAM(Q5),,,1,1,1,ALTSLTGGGNKLT,ASSLASTTDTQY,13.0,12.0,HLA-DQA1*05:01/DQB1*02:01,DQA1*05:01;DQB1*02:01,DQA1*05:01~DQB1*02:01,TCC578P.A.81
202144,FPQPQQPFPWQP + DEAM(Q5),,,1,1,1,AENPMYSGGGADGLT,ASRRRDSQEPQY,15.0,12.0,HLA-DQA1*05:01/DQB1*02:01,DQA1*05:01;DQB1*02:01,DQA1*05:01~DQB1*02:01,TCC578P.A.83
202145,FPQPQQPFPWQP + DEAM(Q5),,,1,1,1,AMSGGYTGANSKLT,ASSRRDSQETQY,14.0,12.0,HLA-DQA1*05:01/DQB1*02:01,DQA1*05:01;DQB1*02:01,DQA1*05:01~DQB1*02:01,TCC578P.A.84
202146,FPQPQQPFPWQP + DEAM(Q5),,,1,1,1,LVGDTRFTGGGNKLT,SASGADYGYT,15.0,10.0,HLA-DQA1*05:01/DQB1*02:01,DQA1*05:01;DQB1*02:01,DQA1*05:01~DQB1*02:01,TCC578P.A.86
202147,FPQPQQPFPWQP + DEAM(Q5),,,1,1,1,AMSRPYNQGGKLI,SARIGDRSNSPLH,13.0,13.0,HLA-DQA1*05:01/DQB1*02:01,DQA1*05:01;DQB1*02:01,DQA1*05:01~DQB1*02:01,TCC737P.A.1
202148,FPQPQQPFPWQP + DEAM(Q5),,,1,1,1,VVRDGGGSGGLT,ASSQDRVGGTDTQY,12.0,14.0,HLA-DQA1*05:01/DQB1*02:01,DQA1*05:01;DQB1*02:01,DQA1*05:01~DQB1*02:01,TCC737P.A.12
202149,FPQPQQPFPWQP + DEAM(Q5),,,1,1,1,AMSDLPGGSNYKLT,ASSLQGVNGNTIY,14.0,13.0,HLA-DQA1*05:01/DQB1*02:01,DQA1*05:01;DQB1*02:01,DQA1*05:01~DQB1*02:01,TCC737P.A.14
202150,FPQPQQPFPWQP + DEAM(Q5),,,1,1,1,AYRSALAGGTGYGKLT,ARSLVQAYEQY,16.0,11.0,HLA-DQA1*05:01/DQB1*02:01,DQA1*05:01;DQB1*02:01,DQA1*05:01~DQB1*02:01,TCC737P.A.18
202151,FPQPQQPFPWQP + DEAM(Q5),,,1,1,1,AYRSALAGGTGYGKLT,ASSLVQAYEQY,16.0,11.0,HLA-DQA1*05:01/DQB1*02:01,DQA1*05:01;DQB1*02:01,DQA1*05:01~DQB1*02:01,TCC737P.A.19
202152,FPQPQQPFPWQP + DEAM(Q5),,,1,1,1,YKLS,ASSLRGFIQPNEQF,4.0,14.0,HLA-DQA1*05:01/DQB1*02:01,DQA1*05:01;DQB1*02:01,DQA1*05:01~DQB1*02:01,TCC737P.A.2
202153,FPQPQQPFPWQP + DEAM(Q5),,,1,1,1,AVSPTPGGSQGNLI,SASGTGEGYT,14.0,10.0,HLA-DQA1*05:01/DQB1*02:01,DQA1*05:01;DQB1*02:01,DQA1*05:01~DQB1*02:01,TCC737P.A.20
202154,FPQPQQPFPWQP + DEAM(Q5),,,1,1,1,AVSPTPGGSQGNLI,ASSRGGVYNEQF,14.0,12.0,HLA-DQA1*05:01/DQB1*02:01,DQA1*05:01;DQB1*02:01,DQA1*05:01~DQB1*02:01,TCC737P.A.5
202155,FPQPQQPFPWQP + DEAM(Q5),,,1,1,1,LVHNYGQNFV,ASSLRIAGAGDTQY,10.0,14.0,HLA-DQA1*05:01/DQB1*02:01,DQA1*05:01;DQB1*02:01,DQA1*05:01~DQB1*02:01,TCC737P.A.29
202156,FPQPQQPFPWQP + DEAM(Q5),,,1,1,1,ATRDRLQTGANSKLT,ASSQGSNYGYT,15.0,11.0,HLA-DQA1*05:01/DQB1*02:01,DQA1*05:01;DQB1*02:01,DQA1*05:01~DQB1*02:01,TCC737P.A.35
202157,FPQPQQPFPWQP + DEAM(Q5),,,1,1,1,AASIGQSGGSYIPT,ASSQAYSRISTDTQY,14.0,15.0,HLA-DQA1*05:01/DQB1*02:01,DQA1*05:01;DQB1*02:01,DQA1*05:01~DQB1*02:01,TCC737P.A.36
202158,FPQPQQPFPWQP + DEAM(Q5),,,1,1,1,AASVPGAQKLV,SAYGGFYGYT,11.0,10.0,HLA-DQA1*05:01/DQB1*02:01,DQA1*05:01;DQB1*02:01,DQA1*05:01~DQB1*02:01,TCC737P.A.39
202159,FPQPQQPFPWQP + DEAM(Q5),,,1,1,1,ILRDTPGGSEKLV,ATSDTLWDTQY,13.0,11.0,HLA-DQA1*05:01/DQB1*02:01,DQA1*05:01;DQB1*02:01,DQA1*05:01~DQB1*02:01,TCC737P.A.4
202160,FPQPQQPFPWQP + DEAM(Q5),,,1,1,1,AGADNARLM,SAERGYNEQF,9.0,10.0,HLA-DQA1*05:01/DQB1*02:01,DQA1*05:01;DQB1*02:01,DQA1*05:01~DQB1*02:01,TCC737P.A.42
202161,FPQPQQPFPWQP + DEAM(Q5),,,1,1,1,AVRDQTGANNLF,ASSQDRGVLPNSPLH,12.0,15.0,HLA-DQA1*05:01/DQB1*02:01,DQA1*05:01;DQB1*02:01,DQA1*05:01~DQB1*02:01,TCC737P.A.45
202162,FPQPQQPFPWQP + DEAM(Q5),,,1,1,1,AGQEGNDMR,ASSQAQGLGTEAF,9.0,13.0,HLA-DQA1*05:01/DQB1*02:01,DQA1*05:01;DQB1*02:01,DQA1*05:01~DQB1*02:01,TCC737P.A.46
202163,FPQPQQPFPWQP + DEAM(Q5),,,1,1,1,LVGDGGGYNTDKLI,ASSQTSGGNEQF,14.0,12.0,HLA-DQA1*05:01/DQB1*02:01,DQA1*05:01;DQB1*02:01,DQA1*05:01~DQB1*02:01,TCC737P.A.48
202164,FPQPQQPFPWQP + DEAM(Q5),,,1,1,1,AVGPNSGGSNYKLT,ASSGSLTGTGGAEAF,14.0,15.0,HLA-DQA1*05:01/DQB1*02:01,DQA1*05:01;DQB1*02:01,DQA1*05:01~DQB1*02:01,TCC737P.A.49
202165,FPQPQQPFPWQP + DEAM(Q5),,,1,1,1,VVSDGGGADGLT,ASSQERVGGTDTQN,12.0,14.0,HLA-DQA1*05:01/DQB1*02:01,DQA1*05:01;DQB1*02:01,DQA1*05:01~DQB1*02:01,TCC737P.A.7
202166,FPQPQQPFPWQP + DEAM(Q5),,,1,1,1,AYRSGLRAGNQFY,ASFLGPVFPGGYT,13.0,13.0,HLA-DQA1*05:01/DQB1*02:01,DQA1*05:01;DQB1*02:01,DQA1*05:01~DQB1*02:01,TCC737P.A.8
202167,FPQPQQPFPWQP + DEAM(Q5),,,1,1,1,AGGDRGGFKPI,SARSGYQGEQY,11.0,11.0,HLA-DQA1*05:01/DQB1*02:01,DQA1*05:01;DQB1*02:01,DQA1*05:01~DQB1*02:01,TCC442D.A.29
202168,FPQPQQPFPWQP + DEAM(Q5),,,1,1,1,AGGNRGGFKPI,SARSGYQGEQY,11.0,11.0,HLA-DQA1*05:01/DQB1*02:01,DQA1*05:01;DQB1*02:01,DQA1*05:01~DQB1*02:01,TCC442D.A.34
202169,FPQPQQPFPWQP + DEAM(Q5),,,1,1,1,AGGNTGGFKTI,SARSGYQGEQY,11.0,11.0,HLA-DQA1*05:01/DQB1*02:01,DQA1*05:01;DQB1*02:01,DQA1*05:01~DQB1*02:01,TCC442D.A.14
202170,FPQPQQPFPWQP + DEAM(Q5),,,1,1,1,AGQLMSDKLI,ASSRDRVTETQY,10.0,12.0,HLA-DQA1*05:01/DQB1*02:01,DQA1*05:01;DQB1*02:01,DQA1*05:01~DQB1*02:01,TCC442D.A.22
202171,FPQPQQPFPWQP + DEAM(Q5),,,1,1,1,ALAGGYNKLI,ASSLAAGLPNYGYI,10.0,14.0,HLA-DQA1*05:01/DQB1*02:01,DQA1*05:01;DQB1*02:01,DQA1*05:01~DQB1*02:01,TCC442P.C.1
202172,FPQPQQPFPWQP + DEAM(Q5),,,1,1,1,AMIVLPGGSYIPT,ATSVDRLRTDTQY,13.0,13.0,HLA-DQA1*05:01/DQB1*02:01,DQA1*05:01;DQB1*02:01,DQA1*05:01~DQB1*02:01,TCC442D.A.47
202173,FPQPQQPFPWQP + DEAM(Q5),,,1,1,1,AMREYTGKLI,ASSSMGGSYETQY,10.0,13.0,HLA-DQA1*05:01/DQB1*02:01,DQA1*05:01;DQB1*02:01,DQA1*05:01~DQB1*02:01,TCC442D.A.41
202174,FPQPQQPFPWQP + DEAM(Q5),,,1,1,1,AMSFLSGGGADGLT,ASSLPLLAGGSTDTQY,14.0,16.0,HLA-DQA1*05:01/DQB1*02:01,DQA1*05:01;DQB1*02:01,DQA1*05:01~DQB1*02:01,TCC442D.A.20
202175,FPQPQQPFPWQP + DEAM(Q5),,,1,1,1,APGGGANSKLT,SASRQMNTEAF,11.0,11.0,HLA-DQA1*05:01/DQB1*02:01,DQA1*05:01;DQB1*02:01,DQA1*05:01~DQB1*02:01,TCC442D.A.19
202175,"PQPQLPYPQPQ + DEAM(Q4, Q11)",,,1,1,1,APGGGANSKLT,SASRQMNTEAF,11.0,11.0,HLA-DQA1*05:01/DQB1*02:01,DQA1*05:01;DQB1*02:01,DQA1*05:01~DQB1*02:01,TCC442D.A.19
202176,FPQPQQPFPWQP + DEAM(Q5),,,1,1,1,APRYARLT,ATSRDPQGMETQY,8.0,13.0,HLA-DQA1*05:01/DQB1*02:01,DQA1*05:01;DQB1*02:01,DQA1*05:01~DQB1*02:01,TCC442D.A.48
202177,FPQPQQPFPWQP + DEAM(Q5),,,1,1,1,AVRRNGSGGHSSL,ASRDALRDNEQF,13.0,12.0,HLA-DQA1*05:01/DQB1*02:01,DQA1*05:01;DQB1*02:01,DQA1*05:01~DQB1*02:01,TCC774P.A.22
202178,FPQPQQPFPWQP + DEAM(Q5),,,1,1,1,AVVENNNARLM,ASSERAGGGYT,11.0,11.0,HLA-DQA1*05:01/DQB1*02:01,DQA1*05:01;DQB1*02:01,DQA1*05:01~DQB1*02:01,TCC442D.A.16
202179,FPQPQQPFPWQP + DEAM(Q5),,,1,1,1,IANYGQNFV,ASSSLTSGILGEQF,9.0,14.0,HLA-DQA1*05:01/DQB1*02:01,DQA1*05:01;DQB1*02:01,DQA1*05:01~DQB1*02:01,TCC1032.1.82
202180,FPQPQQPFPWQP + DEAM(Q5),,,1,1,1,LVGDDTGFQKLV,ASSRSTSYGYT,12.0,11.0,HLA-DQA1*05:01/DQB1*02:01,DQA1*05:01;DQB1*02:01,DQA1*05:01~DQB1*02:01,TCC827.1.59
202181,"PQPQLPYPQPQ + DEAM(Q4, Q11)",,,1,1,1,IVRGVNFNKFY,ASSQATFTDTQY,11.0,12.0,HLA-DQA1*05:01/DQB1*02:01,DQA1*05:01;DQB1*02:01,DQA1*05:01~DQB1*02:01,TCC525.20
202182,"PQPQLPYPQPQ + DEAM(Q4, Q11)",,,1,1,1,IVHQGKLI,ASSIRFTDTQY,8.0,11.0,HLA-DQA1*05:01/DQB1*02:01,DQA1*05:01;DQB1*02:01,DQA1*05:01~DQB1*02:01,TCC525.23
202183,"PQPQLPYPQPQ + DEAM(Q4, Q11)",,,1,1,1,AGQPGGSQGNLI,ASSQYSGGGKEHF,12.0,13.0,HLA-DQA1*05:01/DQB1*02:01,DQA1*05:01;DQB1*02:01,DQA1*05:01~DQB1*02:01,TCC525.29
202184,"PQPQLPYPQPQ + DEAM(Q4, Q11)",,,1,1,1,ALSDRGGFKTI,ASSQDRRGEGYA,11.0,12.0,HLA-DQA1*05:01/DQB1*02:01,DQA1*05:01;DQB1*02:01,DQA1*05:01~DQB1*02:01,TCC525.31
202185,"PQPQLPYPQPQ + DEAM(Q4, Q11)",,,1,1,1,IVMGGADGLT,ASSFRSTDTQY,10.0,11.0,HLA-DQA1*05:01/DQB1*02:01,DQA1*05:01;DQB1*02:01,DQA1*05:01~DQB1*02:01,TCC525.33
202186,"PQPQLPYPQPQ + DEAM(Q4, Q11)",,,1,1,1,IVYGGSQGNLI,ASSFRNTDTQY,11.0,11.0,HLA-DQA1*05:01/DQB1*02:01,DQA1*05:01;DQB1*02:01,DQA1*05:01~DQB1*02:01,TCC525.4
202187,"PQPQLPYPQPQ + DEAM(Q4, Q11)",,,1,1,1,IVYGGSQGNLI,ASSFRSTDTQY,11.0,11.0,HLA-DQA1*05:01/DQB1*02:01,DQA1*05:01;DQB1*02:01,DQA1*05:01~DQB1*02:01,
202188,"PQPQLPYPQPQ + DEAM(Q4, Q11)",,,1,1,1,VVNGLNNAGNMLT,ARLLWGQGGEKVF,13.0,13.0,HLA-DQA1*05:01/DQB1*02:01,DQA1*05:01;DQB1*02:01,DQA1*05:01~DQB1*02:01,TCC525.8
202189,"PQPQLPYPQPQ + DEAM(Q4, Q11)",,,1,1,1,LVVANDYKLS,ASSFRAGGVDEQF,10.0,13.0,HLA-DQA1*05:01/DQB1*02:01,DQA1*05:01;DQB1*02:01,DQA1*05:01~DQB1*02:01,TCC525.9
202190,"PQPQLPYPQPQ + DEAM(Q4, Q11)",,,1,1,1,IEYNFNKFY,ASRPVA,9.0,6.0,HLA-DQA1*05:01/DQB1*02:01,DQA1*05:01;DQB1*02:01,DQA1*05:01~DQB1*02:01,TCC578P.A.14
202191,"PQPQLPYPQPQ + DEAM(Q4, Q11)",,,1,1,1,IVTGATNKLI,ASSIRTTDTQY,10.0,11.0,HLA-DQA1*05:01/DQB1*02:01,DQA1*05:01;DQB1*02:01,DQA1*05:01~DQB1*02:01,TCC578P.A.17
202192,"PQPQLPYPQPQ + DEAM(Q4, Q11)",,,1,1,1,AGLFFNGNNRLA,ASSVRGGGTDTQY,12.0,13.0,HLA-DQA1*05:01/DQB1*02:01,DQA1*05:01;DQB1*02:01,DQA1*05:01~DQB1*02:01,TCC578P.A.21
202193,"PQPQLPYPQPQ + DEAM(Q4, Q11)",,,1,1,1,AAKGYGGSQGNLI,ASSLYDSTSYGYT,13.0,13.0,HLA-DQA1*05:01/DQB1*02:01,DQA1*05:01;DQB1*02:01,DQA1*05:01~DQB1*02:01,TCC578P.A.25
202194,"PQPQLPYPQPQ + DEAM(Q4, Q11)",,,1,1,1,ALSELSIQGAQKLV,ASSIVDRGGETQY,14.0,13.0,HLA-DQA1*05:01/DQB1*02:01,DQA1*05:01;DQB1*02:01,DQA1*05:01~DQB1*02:01,TCC578P.A.26
202195,"PQPQLPYPQPQ + DEAM(Q4, Q11)",,,1,1,1,LVEAGGFKTI,ASSIRTGDTGELF,10.0,13.0,HLA-DQA1*05:01/DQB1*02:01,DQA1*05:01;DQB1*02:01,DQA1*05:01~DQB1*02:01,TCC578P.A.28
202196,"PQPQLPYPQPQ + DEAM(Q4, Q11)",,,1,1,1,LVEAGGFKTI,ASSTRTGDTGELF,10.0,13.0,HLA-DQA1*05:01/DQB1*02:01,DQA1*05:01;DQB1*02:01,DQA1*05:01~DQB1*02:01,TCC578P.A.29
202197,"PQPQLPYPQPQ + DEAM(Q4, Q11)",,,1,1,1,IVYGGFKTI,ASSLRSTDTQY,9.0,11.0,HLA-DQA1*05:01/DQB1*02:01,DQA1*05:01;DQB1*02:01,DQA1*05:01~DQB1*02:01,TCC578P.A.3
202198,"PQPQLPYPQPQ + DEAM(Q4, Q11)",,,1,1,1,APRRSDNTDKLI,ASSRPRGEQF,12.0,10.0,HLA-DQA1*05:01/DQB1*02:01,DQA1*05:01;DQB1*02:01,DQA1*05:01~DQB1*02:01,TCC578P.A.32
202199,"PQPQLPYPQPQ + DEAM(Q4, Q11)",,,1,1,1,LVGHGSSNTGKLI,ASSLRWGDGGKL,13.0,12.0,HLA-DQA1*05:01/DQB1*02:01,DQA1*05:01;DQB1*02:01,DQA1*05:01~DQB1*02:01,TCC578P.A.4
202200,"PQPQLPYPQPQ + DEAM(Q4, Q11)",,,1,1,1,IVYSDYKLS,ASSLRSTDTQY,9.0,11.0,HLA-DQA1*05:01/DQB1*02:01,DQA1*05:01;DQB1*02:01,DQA1*05:01~DQB1*02:01,TCC578P.A.73
202201,"PQPQLPYPQPQ + DEAM(Q4, Q11)",,,1,1,1,IPNRDDKII,SATKQGVYGYT,9.0,11.0,HLA-DQA1*05:01/DQB1*02:01,DQA1*05:01;DQB1*02:01,DQA1*05:01~DQB1*02:01,TCC578P.A.74
202202,"PQPQLPYPQPQ + DEAM(Q4, Q11)",,,1,1,1,AGDSGYALN,ATSSRMGGDTQY,9.0,12.0,HLA-DQA1*05:01/DQB1*02:01,DQA1*05:01;DQB1*02:01,DQA1*05:01~DQB1*02:01,TCC578P.A.75
202203,"PQPQLPYPQPQ + DEAM(Q4, Q11)",,,1,1,1,APRRSYNTDKLI,ASSRPRGEQF,12.0,10.0,HLA-DQA1*05:01/DQB1*02:01,DQA1*05:01;DQB1*02:01,DQA1*05:01~DQB1*02:01,TCC578P.A.76
202204,"PQPQLPYPQPQ + DEAM(Q4, Q11)",,,1,1,1,IEAGGGNKLT,ASSIRSTDTQY,10.0,11.0,HLA-DQA1*05:01/DQB1*02:01,DQA1*05:01;DQB1*02:01,DQA1*05:01~DQB1*02:01,TCC578P.A.79
202205,"PQPQLPYPQPQ + DEAM(Q4, Q11)",,,1,1,1,AVGGTSGTYKYI,ASSIGQSTDTQY,12.0,12.0,HLA-DQA1*05:01/DQB1*02:01,DQA1*05:01;DQB1*02:01,DQA1*05:01~DQB1*02:01,TCC578P.A.8
202206,"PQPQLPYPQPQ + DEAM(Q4, Q11)",,,1,1,1,AVVTGGGNKLT,ASSPRPGLTDTQY,11.0,13.0,HLA-DQA1*05:01/DQB1*02:01,DQA1*05:01;DQB1*02:01,DQA1*05:01~DQB1*02:01,TCC578P.A.9
202207,"PQPQLPYPQPQ + DEAM(Q4, Q11)",,,1,1,1,LVGGGADGLT,ASSLRAWETQY,10.0,11.0,HLA-DQA1*05:01/DQB1*02:01,DQA1*05:01;DQB1*02:01,DQA1*05:01~DQB1*02:01,TCC737P.A.53
202208,"PQPQLPYPQPQ + DEAM(Q4, Q11)",,,1,1,1,LVGGGADGLT,ASSVRTLDTGELF,10.0,13.0,HLA-DQA1*05:01/DQB1*02:01,DQA1*05:01;DQB1*02:01,DQA1*05:01~DQB1*02:01,TCC737P.A.58
202209,"PQPQLPYPQPQ + DEAM(Q4, Q11)",,,1,1,1,ALSESGANSKLT,ASSLRAWETQY,12.0,11.0,HLA-DQA1*05:01/DQB1*02:01,DQA1*05:01;DQB1*02:01,DQA1*05:01~DQB1*02:01,TCC737P.A.60
202210,"PQPQLPYPQPQ + DEAM(Q4, Q11)",,,1,1,1,IVRPSILTGGGNKLT,ASSIRSTDTQY,15.0,11.0,HLA-DQA1*05:01/DQB1*02:01,DQA1*05:01;DQB1*02:01,DQA1*05:01~DQB1*02:01,TCC737P.A.63
202211,"PQPQLPYPQPQ + DEAM(Q4, Q11)",,,1,1,1,ALSEGRQGAQKLV,ASSFPHWGDTQY,13.0,12.0,HLA-DQA1*05:01/DQB1*02:01,DQA1*05:01;DQB1*02:01,DQA1*05:01~DQB1*02:01,TCC737P.A.65
202212,"PQPQLPYPQPQ + DEAM(Q4, Q11)",,,1,1,1,LVGGNTDKLI,ASGPQREGEQY,10.0,11.0,HLA-DQA1*05:01/DQB1*02:01,DQA1*05:01;DQB1*02:01,DQA1*05:01~DQB1*02:01,TCC737P.A.71
202213,"PQPQLPYPQPQ + DEAM(Q4, Q11)",,,1,1,1,AMSGEGGSEKLV,ASSLTTQY,12.0,8.0,HLA-DQA1*05:01/DQB1*02:01,DQA1*05:01;DQB1*02:01,DQA1*05:01~DQB1*02:01,TCC737P.A.75
202214,"PQPQLPYPQPQ + DEAM(Q4, Q11)",,,1,1,1,LVGDKDDKII,ASSAQREGEQF,10.0,11.0,HLA-DQA1*05:01/DQB1*02:01,DQA1*05:01;DQB1*02:01,DQA1*05:01~DQB1*02:01,TCC737P.A.76
202215,"PQPQLPYPQPQ + DEAM(Q4, Q11)",,,1,1,1,VVNSWAGNQFY,ASSLGYGVSTGELF,11.0,14.0,HLA-DQA1*05:01/DQB1*02:01,DQA1*05:01;DQB1*02:01,DQA1*05:01~DQB1*02:01,TCC737P.A.78
202216,"PQPQLPYPQPQ + DEAM(Q4, Q11)",,,1,1,1,AVRDPLYNFNKFY,ASSQGGDRGESEAF,13.0,14.0,HLA-DQA1*05:01/DQB1*02:01,DQA1*05:01;DQB1*02:01,DQA1*05:01~DQB1*02:01,TCC737P.A.79
202217,"PQPQLPYPQPQ + DEAM(Q4, Q11)",,,1,1,1,IDPLSSNTGKLI,ASSLRGTDTQY,12.0,11.0,HLA-DQA1*05:01/DQB1*02:01,DQA1*05:01;DQB1*02:01,DQA1*05:01~DQB1*02:01,TCC737P.A.80
202218,"PQPQLPYPQPQ + DEAM(Q4, Q11)",,,1,1,1,AVTANQAGTALI,SARRQADQPQH,12.0,11.0,HLA-DQA1*05:01/DQB1*02:01,DQA1*05:01;DQB1*02:01,DQA1*05:01~DQB1*02:01,TCC737P.A.81
202219,"PQPQLPYPQPQ + DEAM(Q4, Q11)",,,1,1,1,IVPANTGGFKTI,ASSFRSTDTQY,12.0,11.0,HLA-DQA1*05:01/DQB1*02:01,DQA1*05:01;DQB1*02:01,DQA1*05:01~DQB1*02:01,TCC737P.A.82
202220,"PQPQLPYPQPQ + DEAM(Q4, Q11)",,,1,1,1,IAPFGNDMR,ASSIRETDTQY,9.0,11.0,HLA-DQA1*05:01/DQB1*02:01,DQA1*05:01;DQB1*02:01,DQA1*05:01~DQB1*02:01,TCC801.17
202221,"PQPQLPYPQPQ + DEAM(Q4, Q11)",,,1,1,1,AMRVSGGSNYKLT,SGSRQDTDTQY,13.0,11.0,HLA-DQA1*05:01/DQB1*02:01,DQA1*05:01;DQB1*02:01,DQA1*05:01~DQB1*02:01,TCC801.8
202222,PQQPFPQPQQPFP + DEAM(Q9),,,1,1,1,AESRYSGYSTLT,SAFPGGDTEAF,12.0,11.0,HLA-DQA1*05:01/DQB1*02:01,DQA1*05:01;DQB1*02:01,DQA1*05:01~DQB1*02:01,TCC1383P.A.6
202223,PQQPFPQPQQPFP + DEAM(Q9),,,1,1,1,ALSEYGNKLV,ASSYVGGDTDTQY,10.0,13.0,HLA-DQA1*05:01/DQB1*02:01,DQA1*05:01;DQB1*02:01,DQA1*05:01~DQB1*02:01,TCC1383P.A.7
202224,PQQPFPQPQQPFP + DEAM(Q9),,,1,1,1,AASALFGSSNTGKLI,ASSFGAPLSGTTIY,15.0,14.0,HLA-DQA1*05:01/DQB1*02:01,DQA1*05:01;DQB1*02:01,DQA1*05:01~DQB1*02:01,TCC1383P.A.8
202224,QLQPFPQPQLPY + DEAM(Q9),,,1,1,1,AASALFGSSNTGKLI,ASSFGAPLSGTTIY,15.0,14.0,HLA-DQA1*05:01/DQB1*02:01,DQA1*05:01;DQB1*02:01,DQA1*05:01~DQB1*02:01,TCC1383P.A.8
202225,QLQPFPQPQLPY + DEAM(Q9),,,1,1,1,AEKRGGTGYSTLT,PANWIGGGDKEPS,13.0,13.0,HLA-DQA1*05:01/DQB1*02:01,DQA1*05:01;DQB1*02:01,DQA1*05:01~DQB1*02:01,TCC1096.74
202226,QLQPFPQPQLPY + DEAM(Q9),,,1,1,1,AFMKHGTGSQKLV,ASSLPRTGGKIRS,13.0,13.0,HLA-DQA1*05:01/DQB1*02:01,DQA1*05:01;DQB1*02:01,DQA1*05:01~DQB1*02:01,TCC1383P.A.1
202227,QLQPFPQPQLPY + DEAM(Q9),,,1,1,1,AVKFASGTYKYI,ASSPAFSTDTQY,12.0,12.0,HLA-DQA1*05:01/DQB1*02:01,DQA1*05:01;DQB1*02:01,DQA1*05:01~DQB1*02:01,TCC1383P.A.3
202228,QLQPFPQPQLPY + DEAM(Q9),,,1,1,1,AMREGWQAGNTLI,ASSLDGLTNTEAF,13.0,13.0,HLA-DQA1*05:01/DQB1*02:01,DQA1*05:01;DQB1*02:01,DQA1*05:01~DQB1*02:01,TCC1383P.A.4
202229,QLQPFPQPQLPY + DEAM(Q9),,,1,1,1,AVTAGGGTNKLI,SVARLAGGDYNEQF,12.0,14.0,HLA-DQA1*05:01/DQB1*02:01,DQA1*05:01;DQB1*02:01,DQA1*05:01~DQB1*02:01,TCC525.39
202230,QLQPFPQPQLPY + DEAM(Q9),,,1,1,1,LVGDLDGSSFKGKLI,ASSQEVPLYQVPTQY,15.0,15.0,HLA-DQA1*05:01/DQB1*02:01,DQA1*05:01;DQB1*02:01,DQA1*05:01~DQB1*02:01,TCC801.2
202231,"PQPQLPYPQPQ + DEAM(Q4, Q11)",,,1,1,1,AMSGGSNYKLT,ASSRRVGGENIQY,11.0,13.0,HLA-DQA1*05:01/DQB1*02:01,DQA1*05:01;DQB1*02:01,DQA1*05:01~DQB1*02:01,TCC1030.1
202232,"PQPQLPYPQPQ + DEAM(Q4, Q11)",,,1,1,1,IDFGGSQGNLI,ASSIRATDTQY,11.0,11.0,HLA-DQA1*05:01/DQB1*02:01,DQA1*05:01;DQB1*02:01,DQA1*05:01~DQB1*02:01,TCC1030.10
202233,"PQPQLPYPQPQ + DEAM(Q4, Q11)",,,1,1,1,IVRSSQAGTALI,ASRQVAGGAYQETQY,12.0,15.0,HLA-DQA1*05:01/DQB1*02:01,DQA1*05:01;DQB1*02:01,DQA1*05:01~DQB1*02:01,TCC1030.12
202234,"PQPQLPYPQPQ + DEAM(Q4, Q11)",,,1,1,1,AMGGSNYKLT,ASSQPLLGETQY,10.0,12.0,HLA-DQA1*05:01/DQB1*02:01,DQA1*05:01;DQB1*02:01,DQA1*05:01~DQB1*02:01,TCC1030.13
202235,"PQPQLPYPQPQ + DEAM(Q4, Q11)",,,1,1,1,AMREGESSASKII,ASSHPQATDTQY,13.0,12.0,HLA-DQA1*05:01/DQB1*02:01,DQA1*05:01;DQB1*02:01,DQA1*05:01~DQB1*02:01,TCC1030.22
202236,"PQPQLPYPQPQ + DEAM(Q4, Q11)",,,1,1,1,IVTNGQNFV,ANLLKTSNTHY,9.0,11.0,HLA-DQA1*05:01/DQB1*02:01,DQA1*05:01;DQB1*02:01,DQA1*05:01~DQB1*02:01,TCC1030.23
202237,"PQPQLPYPQPQ + DEAM(Q4, Q11)",,,1,1,1,AMSTGGFKTI,ASSYRAGGADTQY,10.0,13.0,HLA-DQA1*05:01/DQB1*02:01,DQA1*05:01;DQB1*02:01,DQA1*05:01~DQB1*02:01,TCC1030.26
202238,"PQPQLPYPQPQ + DEAM(Q4, Q11)",,,1,1,1,AYRSANKAGTASKLT,AWSSLGYNSPLH,15.0,12.0,HLA-DQA1*05:01/DQB1*02:01,DQA1*05:01;DQB1*02:01,DQA1*05:01~DQB1*02:01,TCC1030.27
202239,"PQPQLPYPQPQ + DEAM(Q4, Q11)",,,1,1,1,AGGYNKLI,ASSIRSMGADTQY,8.0,13.0,HLA-DQA1*05:01/DQB1*02:01,DQA1*05:01;DQB1*02:01,DQA1*05:01~DQB1*02:01,TCC1030.28
202240,"PQPQLPYPQPQ + DEAM(Q4, Q11)",,,1,1,1,IVTGGADGLT,ASSIRTTDTQY,10.0,11.0,HLA-DQA1*05:01/DQB1*02:01,DQA1*05:01;DQB1*02:01,DQA1*05:01~DQB1*02:01,TCC1030.3
202241,"PQPQLPYPQPQ + DEAM(Q4, Q11)",,,1,1,1,ISLNGAQKLV,ASSRRSTDTQY,10.0,11.0,HLA-DQA1*05:01/DQB1*02:01,DQA1*05:01;DQB1*02:01,DQA1*05:01~DQB1*02:01,TCC1030.36
202242,"PQPQLPYPQPQ + DEAM(Q4, Q11)",,,1,1,1,IANYGGSQGNLI,ASSMRFTDTQY,12.0,11.0,HLA-DQA1*05:01/DQB1*02:01,DQA1*05:01;DQB1*02:01,DQA1*05:01~DQB1*02:01,TCC1030.38
202243,"PQPQLPYPQPQ + DEAM(Q4, Q11)",,,1,1,1,LVGGDNQGGKLI,ASSQRQGGNTIY,12.0,12.0,HLA-DQA1*05:01/DQB1*02:01,DQA1*05:01;DQB1*02:01,DQA1*05:01~DQB1*02:01,TCC1030.4
202244,"PQPQLPYPQPQ + DEAM(Q4, Q11)",,,1,1,1,IEETSGSRLT,SARVQETEAF,10.0,10.0,HLA-DQA1*05:01/DQB1*02:01,DQA1*05:01;DQB1*02:01,DQA1*05:01~DQB1*02:01,TCC1030.42
202245,"PQPQLPYPQPQ + DEAM(Q4, Q11)",,,1,1,1,AVCMEDGNKLV,ASSLRVAGGHEQF,11.0,13.0,HLA-DQA1*05:01/DQB1*02:01,DQA1*05:01;DQB1*02:01,DQA1*05:01~DQB1*02:01,TCC1030.48
202246,"PQPQLPYPQPQ + DEAM(Q4, Q11)",,,1,1,1,AMRSNYQLI,ASSWPHFTDTQY,9.0,12.0,HLA-DQA1*05:01/DQB1*02:01,DQA1*05:01;DQB1*02:01,DQA1*05:01~DQB1*02:01,TCC1030.49
202272,FPQPQQPFPWQP + DEAM(Q5),,,1,1,1,LVGVDSGFQKLV,ASSRSTSYGYT,12.0,11.0,HLA-DQA1*05:01/DQB1*02:01,DQA1*05:01;DQB1*02:01,DQA1*05:01~DQB1*02:01,TCC827.1.22
202273,FPQPQQPFPWQP + DEAM(Q5),,,1,1,1,VVYQAGNAL,ASSWGALEETQY,9.0,12.0,HLA-DQA1*05:01/DQB1*02:01,DQA1*05:01;DQB1*02:01,DQA1*05:01~DQB1*02:01,TCC442P.C.7
202274,QLQPFPQPQLPY + DEAM(Q9),,,1,1,1,AASVLYGSSNTGKLI,ASSIVGSGGYNEQF,15.0,14.0,HLA-DQA1*05:01/DQB1*02:01,DQA1*05:01;DQB1*02:01,DQA1*05:01~DQB1*02:01,
202275,QLQPFPQPQLPY + DEAM(Q9),,,1,1,1,AEAGGGNKLT,ASSLGSFSYEQY,10.0,12.0,HLA-DQA1*05:01/DQB1*02:01,DQA1*05:01;DQB1*02:01,DQA1*05:01~DQB1*02:01,
202276,QLQPFPQPQLPY + DEAM(Q9),,,1,1,1,AGQPGSSNTGKLI,SAGQGETQY,13.0,9.0,HLA-DQA1*05:01/DQB1*02:01,DQA1*05:01;DQB1*02:01,DQA1*05:01~DQB1*02:01,
202277,QLQPFPQPQLPY + DEAM(Q9),,,1,1,1,AMIEAAGNKLT,ASSFGGGAGDTQY,11.0,13.0,HLA-DQA1*05:01/DQB1*02:01,DQA1*05:01;DQB1*02:01,DQA1*05:01~DQB1*02:01,
202278,QLQPFPQPQLPY + DEAM(Q9),,,1,1,1,AMKDYGQNFV,ASSFDSNSPLH,10.0,11.0,HLA-DQA1*05:01/DQB1*02:01,DQA1*05:01;DQB1*02:01,DQA1*05:01~DQB1*02:01,
202279,QLQPFPQPQLPY + DEAM(Q9),,,1,1,1,AMLEAAGNKLT,ASSLGGGAGDTQY,11.0,13.0,HLA-DQA1*05:01/DQB1*02:01,DQA1*05:01;DQB1*02:01,DQA1*05:01~DQB1*02:01,
202280,QLQPFPQPQLPY + DEAM(Q9),,,1,1,1,AMTDYGNNRLA,ASSLSGPNTGELF,11.0,13.0,HLA-DQA1*05:01/DQB1*02:01,DQA1*05:01;DQB1*02:01,DQA1*05:01~DQB1*02:01,
202281,QLQPFPQPQLPY + DEAM(Q9),,,1,1,1,AVGASEYGNKLV,AWSPTGWDTGELF,12.0,13.0,HLA-DQA1*05:01/DQB1*02:01,DQA1*05:01;DQB1*02:01,DQA1*05:01~DQB1*02:01,
202282,QLQPFPQPQLPY + DEAM(Q9),,,1,1,1,AVGTDRGSTLGRLY,ASSFTNTGELF,14.0,11.0,HLA-DQA1*05:01/DQB1*02:01,DQA1*05:01;DQB1*02:01,DQA1*05:01~DQB1*02:01,
202283,QLQPFPQPQLPY + DEAM(Q9),,,1,1,1,LVGGAGGYNKLI,ASSQGLAGRQETQY,12.0,14.0,HLA-DQA1*05:01/DQB1*02:01,DQA1*05:01;DQB1*02:01,DQA1*05:01~DQB1*02:01,
202284,PQQPFPQPQQPFP + DEAM(Q9),,,1,1,1,LVGGSGGYNKLI,ASSQGLAGREETQY,12.0,14.0,HLA-DQA1*05:01/DQB1*02:01,DQA1*05:01;DQB1*02:01,DQA1*05:01~DQB1*02:01,
202284,QLQPFPQPQLPY + DEAM(Q9),,,1,1,1,LVGGSGGYNKLI,ASSQGLAGREETQY,12.0,14.0,HLA-DQA1*05:01/DQB1*02:01,DQA1*05:01;DQB1*02:01,DQA1*05:01~DQB1*02:01,
202285,PQQPFPQPQQPFP + DEAM(Q9),,,1,1,1,LVGGSGGYNKLI,ASSSTAQETQY,12.0,11.0,HLA-DQA1*05:01/DQB1*02:01,DQA1*05:01;DQB1*02:01,DQA1*05:01~DQB1*02:01,
202286,PQQPFPQPQQPFP + DEAM(Q9),,,1,1,1,ALSTDSWGKLQ,ASSPGQGGDNEQF,11.0,13.0,HLA-DQA1*05:01/DQB1*02:01,DQA1*05:01;DQB1*02:01,DQA1*05:01~DQB1*02:01,
202287,PQQPFPQPQQPFP + DEAM(Q9),,,1,1,1,APQGATNKLI,ASSLGAGGQETQY,10.0,13.0,HLA-DQA1*05:01/DQB1*02:01,DQA1*05:01;DQB1*02:01,DQA1*05:01~DQB1*02:01,
202288,"PQPQLPYPQPQ + DEAM(Q4, Q11)",,,1,1,1,IVFGGSQGNLI,ASSFRSTDTQY,11.0,11.0,HLA-DQA1*05:01/DQB1*02:01,DQA1*05:01;DQB1*02:01,DQA1*05:01~DQB1*02:01,
202289,"PQPQLPYPQPQ + DEAM(Q4, Q11)",,,1,1,1,IVYNNDMR,ASSFRSTDTQY,8.0,11.0,HLA-DQA1*05:01/DQB1*02:01,DQA1*05:01;DQB1*02:01,DQA1*05:01~DQB1*02:01,
202290,"PQPQLPYPQPQ + DEAM(Q4, Q11)",,,1,1,1,IVPPGTASKLT,ASSIRSTDTQY,11.0,11.0,HLA-DQA1*05:01/DQB1*02:01,DQA1*05:01;DQB1*02:01,DQA1*05:01~DQB1*02:01,
202291,"PQPQLPYPQPQ + DEAM(Q4, Q11)",,,1,1,1,IAFNDYKLS,ASSLRSTDTQY,9.0,11.0,HLA-DQA1*05:01/DQB1*02:01,DQA1*05:01;DQB1*02:01,DQA1*05:01~DQB1*02:01,
202292,"PQPQLPYPQPQ + DEAM(Q4, Q11)",,,1,1,1,IVWNNDMR,ASSLRSTDTQY,8.0,11.0,HLA-DQA1*05:01/DQB1*02:01,DQA1*05:01;DQB1*02:01,DQA1*05:01~DQB1*02:01,
202293,"PQPQLPYPQPQ + DEAM(Q4, Q11)",,,1,1,1,IVYNDYKLS,ASSLRSTDTQY,9.0,11.0,HLA-DQA1*05:01/DQB1*02:01,DQA1*05:01;DQB1*02:01,DQA1*05:01~DQB1*02:01,
217448,LQPFPQPQLPY + DEAM(Q8),TRAV4*01,TRBV29-1*01,1,1,1,LVGGLARDMR,SVALGSDTGELF,10.0,12.0,HLA-DQA1*05:01/DQB1*02:01,DQA1*05:01;DQB1*02:01,DQA1*05:01~DQB1*02:01,XPA5
217448,QPFPQPQQPFP + DEAM(Q7),TRAV4*01,TRBV29-1*01,1,1,1,LVGGLARDMR,SVALGSDTGELF,10.0,12.0,HLA-DQA1*05:01/DQB1*02:01,DQA1*05:01;DQB1*02:01,DQA1*05:01~DQB1*02:01,XPA5
217451,QPFPQPQQPFP + DEAM(Q7),TRAV9-2*01,TRBV7-3*01,1,1,1,ALSGGTSYGKLT,ASSQGQDTEAF,12.0,11.0,HLA-DQA1*05:01/DQB1*02:01,DQA1*05:01;DQB1*02:01,DQA1*05:01~DQB1*02:01,W316
217459,PMPMPELPYP,TRAV8-3*01,TRBV5-5*01,1,1,1,AVGAGSNYQLI,ASSLEGQGASEQF,11.0,13.0,HLA-DQA1*05:01/DQB1*02:01,DQA1*05:01;DQB1*02:01,DQA1*05:01~DQB1*02:01,LS2.8/3.15
217463,MVVQSELPYPE,TRAV26-1*01,TRBV7-2*01,1,1,1,IAFQGAQKLV,ASSFRALAADTQY,10.0,13.0,HLA-DQA1*05:01/DQB1*02:01,DQA1*05:01;DQB1*02:01,DQA1*05:01~DQB1*02:01,JR5.1
226774,KCMHLIQQGARVGRIDAFVQ,,,1,1,1,AGERGTSYGKLT,AIMVSSGNTIY,12.0,11.0,HLA class II,,,Clonotype 1
226775,TAGFEPVVIENVLEGDELRT,,,1,1,1,AAPVIKAAGNKLT,ATSPPGDSTEAF,13.0,12.0,HLA class II,,,Clonotype 2
226776,DQKSCFKSMITAGFEPVVIE,,,1,1,1,AVNWGSGGGADGLT,ASRQPEGVGSPLH,14.0,13.0,HLA class II,,,Clonotype 3
28403,AAQNVHFWKALNQL,TRAV17*01,TRBV20-1*01,1,1,1,ATDTTSGTYKYI,SARDLTSGANNEQF,12.0,14.0,HLA-DRB1*15:01,DRB1*15:01,,Ob.1A12
28403,AAQRIHFFKNLSLL,TRAV17*01,TRBV20-1*01,1,1,1,ATDTTSGTYKYI,SARDLTSGANNEQF,12.0,14.0,HLA-DRB1*15:01,DRB1*15:01,,Ob.1A12
28403,ARSVFHFFRGTALL,TRAV17*01,TRBV20-1*01,1,1,1,ATDTTSGTYKYI,SARDLTSGANNEQF,12.0,14.0,HLA-DRB1*15:01,DRB1*15:01,,Ob.1A12
28403,DVSKVHFFKGNGQT,TRAV17*01,TRBV20-1*01,1,1,1,ATDTTSGTYKYI,SARDLTSGANNEQF,12.0,14.0,HLA-DRB1*15:01,DRB1*15:01,,Ob.1A12
28403,ENAVVHFFRSLVSS,TRAV17*01,TRBV20-1*01,1,1,1,ATDTTSGTYKYI,SARDLTSGANNEQF,12.0,14.0,HLA-DRB1*15:01,DRB1*15:01,,Ob.1A12
28403,ENPVVHFFKNIVTP,TRAV17*01,TRBV20-1*01,1,1,1,ATDTTSGTYKYI,SARDLTSGANNEQF,12.0,14.0,HLA-DRB1*15:01,DRB1*15:01,,Ob.1A12
28403,FGVKIHFFKQRNSL,TRAV17*01,TRBV20-1*01,1,1,1,ATDTTSGTYKYI,SARDLTSGANNEQF,12.0,14.0,HLA-DRB1*15:01,DRB1*15:01,,Ob.1A12
28403,FLKKFHFLKGATLC,TRAV17*01,TRBV20-1*01,1,1,1,ATDTTSGTYKYI,SARDLTSGANNEQF,12.0,14.0,HLA-DRB1*15:01,DRB1*15:01,,Ob.1A12
28403,GAHCIHFFKSAVCR,TRAV17*01,TRBV20-1*01,1,1,1,ATDTTSGTYKYI,SARDLTSGANNEQF,12.0,14.0,HLA-DRB1*15:01,DRB1*15:01,,Ob.1A12
28403,HENVVHFFKDGELV,TRAV17*01,TRBV20-1*01,1,1,1,ATDTTSGTYKYI,SARDLTSGANNEQF,12.0,14.0,HLA-DRB1*15:01,DRB1*15:01,,Ob.1A12
28403,HMLSFHFWKSRGQT,TRAV17*01,TRBV20-1*01,1,1,1,ATDTTSGTYKYI,SARDLTSGANNEQF,12.0,14.0,HLA-DRB1*15:01,DRB1*15:01,,Ob.1A12
28403,HRAKLHFFKDENLK,TRAV17*01,TRBV20-1*01,1,1,1,ATDTTSGTYKYI,SARDLTSGANNEQF,12.0,14.0,HLA-DRB1*15:01,DRB1*15:01,,Ob.1A12
28403,IEAAIHFYKGLAVY,TRAV17*01,TRBV20-1*01,1,1,1,ATDTTSGTYKYI,SARDLTSGANNEQF,12.0,14.0,HLA-DRB1*15:01,DRB1*15:01,,Ob.1A12
28403,IIPAFHFLKSEKGL,TRAV17*01,TRBV20-1*01,1,1,1,ATDTTSGTYKYI,SARDLTSGANNEQF,12.0,14.0,HLA-DRB1*15:01,DRB1*15:01,,Ob.1A12
28403,LESVVHFLRGQKVT,TRAV17*01,TRBV20-1*01,1,1,1,ATDTTSGTYKYI,SARDLTSGANNEQF,12.0,14.0,HLA-DRB1*15:01,DRB1*15:01,,Ob.1A12
28403,LNKNIHFFKNLPLP,TRAV17*01,TRBV20-1*01,1,1,1,ATDTTSGTYKYI,SARDLTSGANNEQF,12.0,14.0,HLA-DRB1*15:01,DRB1*15:01,,Ob.1A12
28403,MHGNWHFFRNFLSN,TRAV17*01,TRBV20-1*01,1,1,1,ATDTTSGTYKYI,SARDLTSGANNEQF,12.0,14.0,HLA-DRB1*15:01,DRB1*15:01,,Ob.1A12
28403,MNASIHFLKALETY,TRAV17*01,TRBV20-1*01,1,1,1,ATDTTSGTYKYI,SARDLTSGANNEQF,12.0,14.0,HLA-DRB1*15:01,DRB1*15:01,,Ob.1A12
28403,NANVLHFLKNIICQ,TRAV17*01,TRBV20-1*01,1,1,1,ATDTTSGTYKYI,SARDLTSGANNEQF,12.0,14.0,HLA-DRB1*15:01,DRB1*15:01,,Ob.1A12
28403,NPQVIHFFKSLDLL,TRAV17*01,TRBV20-1*01,1,1,1,ATDTTSGTYKYI,SARDLTSGANNEQF,12.0,14.0,HLA-DRB1*15:01,DRB1*15:01,,Ob.1A12
28403,RLSVVHFLRANAVS,TRAV17*01,TRBV20-1*01,1,1,1,ATDTTSGTYKYI,SARDLTSGANNEQF,12.0,14.0,HLA-DRB1*15:01,DRB1*15:01,,Ob.1A12
28403,RTQRIHFFKGDKVW,TRAV17*01,TRBV20-1*01,1,1,1,ATDTTSGTYKYI,SARDLTSGANNEQF,12.0,14.0,HLA-DRB1*15:01,DRB1*15:01,,Ob.1A12
28403,SANNIHFMRQSEIG,TRAV17*01,TRBV20-1*01,1,1,1,ATDTTSGTYKYI,SARDLTSGANNEQF,12.0,14.0,HLA-DRB1*15:01,DRB1*15:01,,Ob.1A12
28403,SEGSIHFFKADLLS,TRAV17*01,TRBV20-1*01,1,1,1,ATDTTSGTYKYI,SARDLTSGANNEQF,12.0,14.0,HLA-DRB1*15:01,DRB1*15:01,,Ob.1A12
28403,SLGNIHFFKSEVVR,TRAV17*01,TRBV20-1*01,1,1,1,ATDTTSGTYKYI,SARDLTSGANNEQF,12.0,14.0,HLA-DRB1*15:01,DRB1*15:01,,Ob.1A12
28403,SSARLHFFRALPHP,TRAV17*01,TRBV20-1*01,1,1,1,ATDTTSGTYKYI,SARDLTSGANNEQF,12.0,14.0,HLA-DRB1*15:01,DRB1*15:01,,Ob.1A12
28403,STARVHFWRSRSSE,TRAV17*01,TRBV20-1*01,1,1,1,ATDTTSGTYKYI,SARDLTSGANNEQF,12.0,14.0,HLA-DRB1*15:01,DRB1*15:01,,Ob.1A12
28403,SVGKIHFFKMEVVS,TRAV17*01,TRBV20-1*01,1,1,1,ATDTTSGTYKYI,SARDLTSGANNEQF,12.0,14.0,HLA-DRB1*15:01,DRB1*15:01,,Ob.1A12
28403,SVSVIHFFKAPAAI,TRAV17*01,TRBV20-1*01,1,1,1,ATDTTSGTYKYI,SARDLTSGANNEQF,12.0,14.0,HLA-DRB1*15:01,DRB1*15:01,,Ob.1A12
28403,VFGNVHFFKNTGSA,TRAV17*01,TRBV20-1*01,1,1,1,ATDTTSGTYKYI,SARDLTSGANNEQF,12.0,14.0,HLA-DRB1*15:01,DRB1*15:01,,Ob.1A12
28403,VSGYVHFFRGLPLL,TRAV17*01,TRBV20-1*01,1,1,1,ATDTTSGTYKYI,SARDLTSGANNEQF,12.0,14.0,HLA-DRB1*15:01,DRB1*15:01,,Ob.1A12
28403,YKHKIHFFKNEVLE,TRAV17*01,TRBV20-1*01,1,1,1,ATDTTSGTYKYI,SARDLTSGANNEQF,12.0,14.0,HLA-DRB1*15:01,DRB1*15:01,,Ob.1A12
28404,AAQNVHFWKALNQL,,,1,1,1,CATDATSGTYKYIF,CSARDLTSGSLNEQFF,14.0,16.0,HLA-DRB1*15:01,DRB1*15:01,,Ob2F3
28404,AAQRIHFFKNLSLL,,,1,1,1,CATDATSGTYKYIF,CSARDLTSGSLNEQFF,14.0,16.0,HLA-DRB1*15:01,DRB1*15:01,,Ob2F3
28404,ARSVFHFFRGTALL,,,1,1,1,CATDATSGTYKYIF,CSARDLTSGSLNEQFF,14.0,16.0,HLA-DRB1*15:01,DRB1*15:01,,Ob2F3
28404,DVSKVHFFKGNGQT,,,1,1,1,CATDATSGTYKYIF,CSARDLTSGSLNEQFF,14.0,16.0,HLA-DRB1*15:01,DRB1*15:01,,Ob2F3
28404,ENAVVHFFRSLVSS,,,1,1,1,CATDATSGTYKYIF,CSARDLTSGSLNEQFF,14.0,16.0,HLA-DRB1*15:01,DRB1*15:01,,Ob2F3
28404,ENPVVHFFKNIVTP,,,1,1,1,CATDATSGTYKYIF,CSARDLTSGSLNEQFF,14.0,16.0,HLA-DRB1*15:01,DRB1*15:01,,Ob2F3
28404,FGVKIHFFKQRNSL,,,1,1,1,CATDATSGTYKYIF,CSARDLTSGSLNEQFF,14.0,16.0,HLA-DRB1*15:01,DRB1*15:01,,Ob2F3
28404,FLKKFHFLKGATLC,,,1,1,1,CATDATSGTYKYIF,CSARDLTSGSLNEQFF,14.0,16.0,HLA-DRB1*15:01,DRB1*15:01,,Ob2F3
28404,GAHCIHFFKSAVCR,,,1,1,1,CATDATSGTYKYIF,CSARDLTSGSLNEQFF,14.0,16.0,HLA-DRB1*15:01,DRB1*15:01,,Ob2F3
28404,HENVVHFFKDGELV,,,1,1,1,CATDATSGTYKYIF,CSARDLTSGSLNEQFF,14.0,16.0,HLA-DRB1*15:01,DRB1*15:01,,Ob2F3
28404,HMLSFHFWKSRGQT,,,1,1,1,CATDATSGTYKYIF,CSARDLTSGSLNEQFF,14.0,16.0,HLA-DRB1*15:01,DRB1*15:01,,Ob2F3
28404,HRAKLHFFKDENLK,,,1,1,1,CATDATSGTYKYIF,CSARDLTSGSLNEQFF,14.0,16.0,HLA-DRB1*15:01,DRB1*15:01,,Ob2F3
28404,IEAAIHFYKGLAVY,,,1,1,1,CATDATSGTYKYIF,CSARDLTSGSLNEQFF,14.0,16.0,HLA-DRB1*15:01,DRB1*15:01,,Ob2F3
28404,IIPAFHFLKSEKGL,,,1,1,1,CATDATSGTYKYIF,CSARDLTSGSLNEQFF,14.0,16.0,HLA-DRB1*15:01,DRB1*15:01,,Ob2F3
28404,LESVVHFLRGQKVT,,,1,1,1,CATDATSGTYKYIF,CSARDLTSGSLNEQFF,14.0,16.0,HLA-DRB1*15:01,DRB1*15:01,,Ob2F3
28404,LNKNIHFFKNLPLP,,,1,1,1,CATDATSGTYKYIF,CSARDLTSGSLNEQFF,14.0,16.0,HLA-DRB1*15:01,DRB1*15:01,,Ob2F3
28404,MHGNWHFFRNFLSN,,,1,1,1,CATDATSGTYKYIF,CSARDLTSGSLNEQFF,14.0,16.0,HLA-DRB1*15:01,DRB1*15:01,,Ob2F3
28404,MNASIHFLKALETY,,,1,1,1,CATDATSGTYKYIF,CSARDLTSGSLNEQFF,14.0,16.0,HLA-DRB1*15:01,DRB1*15:01,,Ob2F3
28404,NANVLHFLKNIICQ,,,1,1,1,CATDATSGTYKYIF,CSARDLTSGSLNEQFF,14.0,16.0,HLA-DRB1*15:01,DRB1*15:01,,Ob2F3
28404,NPQVIHFFKSLDLL,,,1,1,1,CATDATSGTYKYIF,CSARDLTSGSLNEQFF,14.0,16.0,HLA-DRB1*15:01,DRB1*15:01,,Ob2F3
28404,RLSVVHFLRANAVS,,,1,1,1,CATDATSGTYKYIF,CSARDLTSGSLNEQFF,14.0,16.0,HLA-DRB1*15:01,DRB1*15:01,,Ob2F3
28404,RTQRIHFFKGDKVW,,,1,1,1,CATDATSGTYKYIF,CSARDLTSGSLNEQFF,14.0,16.0,HLA-DRB1*15:01,DRB1*15:01,,Ob2F3
28404,SANNIHFMRQSEIG,,,1,1,1,CATDATSGTYKYIF,CSARDLTSGSLNEQFF,14.0,16.0,HLA-DRB1*15:01,DRB1*15:01,,Ob2F3
28404,SEGSIHFFKADLLS,,,1,1,1,CATDATSGTYKYIF,CSARDLTSGSLNEQFF,14.0,16.0,HLA-DRB1*15:01,DRB1*15:01,,Ob2F3
28404,SLGNIHFFKSEVVR,,,1,1,1,CATDATSGTYKYIF,CSARDLTSGSLNEQFF,14.0,16.0,HLA-DRB1*15:01,DRB1*15:01,,Ob2F3
28404,SSARLHFFRALPHP,,,1,1,1,CATDATSGTYKYIF,CSARDLTSGSLNEQFF,14.0,16.0,HLA-DRB1*15:01,DRB1*15:01,,Ob2F3
28404,STARVHFWRSRSSE,,,1,1,1,CATDATSGTYKYIF,CSARDLTSGSLNEQFF,14.0,16.0,HLA-DRB1*15:01,DRB1*15:01,,Ob2F3
28404,SVGKIHFFKMEVVS,,,1,1,1,CATDATSGTYKYIF,CSARDLTSGSLNEQFF,14.0,16.0,HLA-DRB1*15:01,DRB1*15:01,,Ob2F3
28404,SVSVIHFFKAPAAI,,,1,1,1,CATDATSGTYKYIF,CSARDLTSGSLNEQFF,14.0,16.0,HLA-DRB1*15:01,DRB1*15:01,,Ob2F3
28404,VFGNVHFFKNTGSA,,,1,1,1,CATDATSGTYKYIF,CSARDLTSGSLNEQFF,14.0,16.0,HLA-DRB1*15:01,DRB1*15:01,,Ob2F3
28404,VSGYVHFFRGLPLL,,,1,1,1,CATDATSGTYKYIF,CSARDLTSGSLNEQFF,14.0,16.0,HLA-DRB1*15:01,DRB1*15:01,,Ob2F3
28404,YKHKIHFFKNEVLE,,,1,1,1,CATDATSGTYKYIF,CSARDLTSGSLNEQFF,14.0,16.0,HLA-DRB1*15:01,DRB1*15:01,,Ob2F3
29324,PFPQPQLPY + DEAM(Q6),,,1,1,1,ALSDHYSSGSARQLT,ASSTAVLAGGPQY,15.0,13.0,HLA-DQA1*05:01/DQB1*02:01,DQA1*05:01;DQB1*02:01,DQA1*05:01~DQB1*02:01,380
29324,PQPQLPYPQ + DEAM(Q4),,,1,1,1,ALSDHYSSGSARQLT,ASSTAVLAGGPQY,15.0,13.0,HLA-DQA1*05:01/DQB1*02:01,DQA1*05:01;DQB1*02:01,DQA1*05:01~DQB1*02:01,380
29325,PQPQLPYPQ + DEAM(Q4),,,1,1,1,IVTNNNDMR,ASSIRSTDTQY,9.0,11.0,"HLA-DQA1*02:01/DQB1*02:02, HLA-DQA1*05:01/DQB1*02:01",DQA1*02:01;DQA1*05:01;DQB1*02:01;DQB1*02:02,DQA1*02:01~DQB1*02:01;DQA1*02:01~DQB1*02:02;DQA1*05:01~DQB1*02:01;DQA1*05:01~DQB1*02:02,364
342,FSWGAEGQRPGFG,TRAV26-2*01,TRBV20-1*01,1,1,1,TVYGGATNKLI,SARGGSYNSPLH,11.0,12.0,HLA-DRA*01:01/DRB1*04:01,DRA*01:01;DRB1*04:01,DRA*01:01~DRB1*04:01,MS2-3C8
342,LSRFSWGAEGQRPGFGYGG,TRAV26-2*01,TRBV20-1*01,1,1,2,TVYGGATNKLI,SARGGSYNSPLH,11.0,12.0,HLA-DRB1*04:01,DRB1*04:01,,MS2-3C8
346,ENPVVHFFKDIVTPR,TRAV13-1*01,TRBV7-3*01,1,1,1,AASSFGNEKLT,ATSALGDTQY,11.0,10.0,HLA-DQA1*01:02/DQB1*05:02,DQA1*01:02;DQB1*05:02,DQA1*01:02~DQB1*05:02,Hy.1B11
346,ENPVVHFFKNIVTPR,TRAV13-1*01,TRBV7-3*01,1,1,2,AASSFGNEKLT,ATSALGDTQY,11.0,10.0,HLA-DQ1,,DQA1*01:02~DQB1*05:02,Hy.1B11
37662,PQPQLPYPQ + DEAM(Q4),TRAV26-1*01,TRBV7-2*01,1,1,1,IVTNNNDMR,ASSIRSTDTQY,9.0,11.0,HLA-DQA1*05:01/DQB1*02:01,DQA1*05:01;DQB1*02:01,DQA1*05:01~DQB1*02:01,364
37663,PQPQLPYPQ + DEAM(Q4),TRAV26-1*01,TRBV7-2*01,1,1,1,IVWGGATNKLI,ASSVRSTDTQY,11.0,11.0,HLA-DQA1*05:01/DQB1*02:01,DQA1*05:01;DQB1*02:01,DQA1*05:01~DQB1*02:01,S16
37664,PQPQLPYPQ + DEAM(Q4),TRAV5*01,TRBV7-2*01,1,1,1,AESPGPGKLI,ASSLRSADTQY,10.0,11.0,HLA-DQA1*05:01/DQB1*02:01,DQA1*05:01;DQB1*02:01,DQA1*05:01~DQB1*02:01,AV5
4193,"PQPQLPYPQPQ + DEAM(Q4, Q11)",TRAV26-1,TRBV7-2,1,1,1,IVYGGFKTI,ASSLRSTDTQY,9.0,11.0,HLA-DQA1*05:01/DQB1*02:01,DQA1*05:01;DQB1*02:01,DQA1*05:01~DQB1*02:01,Clone 1
4194,"PQPQLPYPQPQ + DEAM(Q4, Q11)",TRAV4,TRBV7-2,1,1,1,LVGHGSSNTGKLI,ASSLRWGDGGKL,13.0,12.0,HLA-DQA1*05:01/DQB1*02:01,DQA1*05:01;DQB1*02:01,DQA1*05:01~DQB1*02:01,Clone 2
4195,"PQPQLPYPQPQ + DEAM(Q4, Q11)",TRAV26-1,TRBV7-6,1,1,1,IEYNFNKFY,ASRPVAGLPH,9.0,10.0,HLA-DQA1*05:01/DQB1*02:01,DQA1*05:01;DQB1*02:01,DQA1*05:01~DQB1*02:01,Clone 3
4196,"PQPQLPYPQPQ + DEAM(Q4, Q11)",TRAV9-2,TRBV4-1,1,1,1,ALSELSIQGAQKLV,ASSIVDRGGETQY,14.0,13.0,HLA-DQA1*05:01/DQB1*02:01,DQA1*05:01;DQB1*02:01,DQA1*05:01~DQB1*02:01,Clone 4
4197,"PQPQLPYPQPQ + DEAM(Q4, Q11)",TRAV35,TRBV15,1,1,1,AGDSGYALN,ATSSRMGGDTQY,9.0,12.0,HLA-DQA1*05:01/DQB1*02:01,DQA1*05:01;DQB1*02:01,DQA1*05:01~DQB1*02:01,Clone 5
4198,"PQPQLPYPQPQ + DEAM(Q4, Q11)",TRAV26-1,TRBV7-2,1,1,1,IVPANTGGFKTI,ASSFRSTDTQY,12.0,11.0,HLA-DQA1*05:01/DQB1*02:01,DQA1*05:01;DQB1*02:01,DQA1*05:01~DQB1*02:01,Clone 6
4199,"PQPQLPYPQPQ + DEAM(Q4, Q11)",TRAV4,TRBV7-2,1,1,1,LVGGGADGLT,ASSVRTLDTGEL,10.0,12.0,HLA-DQA1*05:01/DQB1*02:01,DQA1*05:01;DQB1*02:01,DQA1*05:01~DQB1*02:01,Clone 7
4200,"PQPQLPYPQPQ + DEAM(Q4, Q11)",TRAV9-2,TRBV7-2,1,1,1,ALSESGANSKLT,ASSLRAWETQY,12.0,11.0,HLA-DQA1*05:01/DQB1*02:01,DQA1*05:01;DQB1*02:01,DQA1*05:01~DQB1*02:01,Clone 8
4201,"PQPQLPYPQPQ + DEAM(Q4, Q11)",TRAV3,TRBV4-2,1,1,1,AVRDPLYNFNKFY,ASSQGGDRGESEA,13.0,13.0,HLA-DQA1*05:01/DQB1*02:01,DQA1*05:01;DQB1*02:01,DQA1*05:01~DQB1*02:01,Clone 9
4202,"PQPQLPYPQPQ + DEAM(Q4, Q11)",TRAV12-2,TRBV5-4,1,1,1,VVNSWAGNQFY,ASSLGYGVSTGEL,11.0,13.0,HLA-DQA1*05:01/DQB1*02:01,DQA1*05:01;DQB1*02:01,DQA1*05:01~DQB1*02:01,Clone 10
58327,PQQPFPQPQQPFP + DEAM(Q9),,,1,1,1,CAVTLGGGSWKLVF,ASSFSPAGSEAF,14.0,12.0,HLA-DQA1*05:01/DQB1*02:01,DQA1*05:01;DQB1*02:01,DQA1*05:01~DQB1*02:01,L6
58327,QLQPFPQPQLPY + DEAM(Q9),,,1,1,1,CAVTLGGGSWKLVF,ASSFSPAGSEAF,14.0,12.0,HLA-DQA1*05:01/DQB1*02:01,DQA1*05:01;DQB1*02:01,DQA1*05:01~DQB1*02:01,L6
58329,PIPQQPQPYPQ + DEAM(Q4),,,1,1,1,AVGGEGFKTI,ASSEVGGPSHEQY,10.0,13.0,HLA-DQA1*05:01/DQB1*02:01,DQA1*05:01;DQB1*02:01,DQA1*05:01~DQB1*02:01,TCC1468.9
58330,PIPQQPQPYPQ + DEAM(Q4),,,1,1,1,AMSLTGANSKLT,ASSHIAGAGTDTQY,12.0,14.0,HLA-DQA1*05:01/DQB1*02:01,DQA1*05:01;DQB1*02:01,DQA1*05:01~DQB1*02:01,TCC2076.1
58333,PIPQQPQPYPQ + DEAM(Q4),,,1,1,1,AVRVEYNFNKFY,ASSQEGLADSYNEQF,12.0,15.0,HLA-DQA1*05:01/DQB1*02:01,DQA1*05:01;DQB1*02:01,DQA1*05:01~DQB1*02:01,TCC1468.4
58335,QLQPFPQPQLPY + DEAM(Q9),,,1,1,1,CAASEGDSGTYKYIF,ASSINALVGEQF,15.0,12.0,HLA-DQA1*05:01/DQB1*02:01,DQA1*05:01;DQB1*02:01,DQA1*05:01~DQB1*02:01,442D.A.45
58338,QLQPFPQPQLPY + DEAM(Q9),,,1,1,1,CAMREGWQAGNTLIF,ASSLDGLTNTEAF,15.0,13.0,HLA-DQA1*05:01/DQB1*02:01,DQA1*05:01;DQB1*02:01,DQA1*05:01~DQB1*02:01,1383P.A.4
58345,QLQPFPQPQLPY + DEAM(Q9),,,1,1,1,CAVKFASGTYKYIF,ASSPAFSTDTQY,14.0,12.0,HLA-DQA1*05:01/DQB1*02:01,DQA1*05:01;DQB1*02:01,DQA1*05:01~DQB1*02:01,1383P.A.3
58359,PQQPFPQPQQPFP + DEAM(Q9),TRAV4*01,TRBV20-1*01,1,1,1,LVGDGGSFSGGYNKLI,SAGVGGQETQY,16.0,11.0,,,,S2
58359,QLQPFPQPQLPY + DEAM(Q9),TRAV4*01,TRBV20-1*01,1,1,1,LVGDGGSFSGGYNKLI,SAGVGGQETQY,16.0,11.0,HLA-DQA1*05:01/DQB1*02:01,DQA1*05:01;DQB1*02:01,DQA1*05:01~DQB1*02:01,S2
58363,PQQPFPQPQQPFP + DEAM(Q9),,,1,1,1,CALSEYGNKLVF,ASSYVGGDTDTQY,12.0,13.0,HLA-DQA1*05:01/DQB1*02:01,DQA1*05:01;DQB1*02:01,DQA1*05:01~DQB1*02:01,1383P.A.7/9
58368,PQQPFPQPQQPFP + DEAM(Q9),,,1,1,1,CAESRYSGYSTLTF,SAFPGGDTEAF,14.0,11.0,HLA-DQA1*05:01/DQB1*02:01,DQA1*05:01;DQB1*02:01,DQA1*05:01~DQB1*02:01,1383P.A.6
58369,PQQPFPQPQQPFP + DEAM(Q9),,,1,1,1,CLVGGYNNNDMRF,SAQLAGGGGDTQY,13.0,13.0,HLA-DQA1*05:01/DQB1*02:01,DQA1*05:01;DQB1*02:01,DQA1*05:01~DQB1*02:01,442P.C.3/9/23
58370,PQQPFPQPQQPFP + DEAM(Q9),,,1,1,1,CAVVDASSKLIF,SATLGGDYGYT,12.0,11.0,HLA-DQA1*05:01/DQB1*02:01,DQA1*05:01;DQB1*02:01,DQA1*05:01~DQB1*02:01,442D.A.2
58371,PIPQQPQPYPQ + DEAM(Q4),,,1,1,1,AVESSWGKLQ,ARTSGRAGDTQY,10.0,12.0,HLA-DQA1*05:01/DQB1*02:01,DQA1*05:01;DQB1*02:01,DQA1*05:01~DQB1*02:01,TCC1468.7
58372,PIPQQPQPYPQ + DEAM(Q4),,,1,1,1,AGQDYKYI,ASRTGGTDTQY,8.0,11.0,HLA-DQA1*05:01/DQB1*02:01,DQA1*05:01;DQB1*02:01,DQA1*05:01~DQB1*02:01,TCC1468.2
58373,PIPQQPQPYPQ + DEAM(Q4),,,1,1,1,ALEGGATNKLI,ASRTSGRAGDEQF,11.0,13.0,HLA-DQA1*05:01/DQB1*02:01,DQA1*05:01;DQB1*02:01,DQA1*05:01~DQB1*02:01,
58374,PIPQQPQPYPQ + DEAM(Q4),,,1,1,2,AVEAGSGGGADGLT,ASRTSGRAGDEQF,14.0,13.0,HLA-DQA1*05:01/DQB1*02:01,DQA1*05:01;DQB1*02:01,DQA1*05:01~DQB1*02:01,TCC1468.1
58375,PIPQQPQPYPQ + DEAM(Q4),,,1,1,1,AVGGTDKLI,ASRTSGRAGDEQF,9.0,13.0,HLA-DQA1*05:01/DQB1*02:01,DQA1*05:01;DQB1*02:01,DQA1*05:01~DQB1*02:01,TCC2072.1
58377,PIPQQPQPYPQ + DEAM(Q4),,,1,1,1,IVRASEYGNKLV,SVEGGNYGYT,12.0,10.0,HLA-DQA1*05:01/DQB1*02:01,DQA1*05:01;DQB1*02:01,DQA1*05:01~DQB1*02:01,
58378,PIPQQPQPYPQ + DEAM(Q4),,,1,1,1,IVRAGEYGNKLV,SVEGGSYEQY,12.0,10.0,HLA-DQA1*05:01/DQB1*02:01,DQA1*05:01;DQB1*02:01,DQA1*05:01~DQB1*02:01,
60930,"QPPFSQQQQPVL + DEAM(Q6, Q8)",,,1,1,1,CALVRDYGQNFVF,ASSTSGGGARSYEQY,13.0,15.0,HLA-DQA1*02:01/DQB1*02:02,DQA1*02:01;DQB1*02:02,DQA1*02:01~DQB1*02:02,
60931,"QPPFSQQQQPVL + DEAM(Q6, Q8)",,,1,1,1,CAVIGTSGSRLTF,ASSSGAATDTQY,13.0,12.0,HLA-DQA1*02:01/DQB1*02:02,DQA1*02:01;DQB1*02:02,DQA1*02:01~DQB1*02:02,
60932,"QPPFSQQQQPVL + DEAM(Q6, Q8)",,,1,1,1,CIVRPAQGAQKLVF,SVSSGGEGGNGYT,14.0,13.0,HLA-DQA1*02:01/DQB1*02:02,DQA1*02:01;DQB1*02:02,DQA1*02:01~DQB1*02:02,
60933,"QPPFSQQQQPVL + DEAM(Q6, Q8)",,,1,1,1,CALGLNNNAGNMLTF,AISPRQAETQY,15.0,11.0,HLA-DQA1*02:01/DQB1*02:02,DQA1*02:01;DQB1*02:02,DQA1*02:01~DQB1*02:02,
60934,"QPPFSQQQQPVL + DEAM(Q6, Q8)",,,1,1,1,CAASGYSTLTF,ASTHGAGSDTQY,11.0,12.0,HLA-DQA1*02:01/DQB1*02:02,DQA1*02:01;DQB1*02:02,DQA1*02:01~DQB1*02:02,
60973,"PFSQQQQPVL + DEAM(Q4, Q6)",,,1,1,1,CAVHTGARLMF,ASSHGASTDTQY,11.0,12.0,HLA-DQA1*02:01/DQB1*02:02,DQA1*02:01;DQB1*02:02,DQA1*02:01~DQB1*02:02,"1005.2.56, 1005.2.57, 1005.2.58, 1005.2.62, 1005.2.65"
60973,"QPPFSQQQQPVL + DEAM(Q6, Q8)",,,1,1,1,CAVHTGARLMF,ASSHGASTDTQY,11.0,12.0,HLA-DQA1*02:01/DQB1*02:02,DQA1*02:01;DQB1*02:02,DQA1*02:01~DQB1*02:02,"1005.2.56, 1005.2.57, 1005.2.58, 1005.2.62, 1005.2.65"
60974,"QPPFSQQQQPVL + DEAM(Q6, Q8)",,,1,1,1,CAFMKEDGGATNKLIF,SASPGNTGVAQY,16.0,12.0,HLA-DQA1*02:01/DQB1*02:02,DQA1*02:01;DQB1*02:02,DQA1*02:01~DQB1*02:02,"1005.2.60, 1005.2.54"
60976,"PFSQQQQPVL + DEAM(Q4, Q6)",,,1,1,1,CAWTGGGGFKTIF,ASRKPGGDYEQY,13.0,12.0,HLA-DQA1*02:01/DQB1*02:02,DQA1*02:01;DQB1*02:02,DQA1*02:01~DQB1*02:02,555A.1.4.38
60976,"QPPFSQQQQPVL + DEAM(Q6, Q8)",,,1,1,1,CAWTGGGGFKTIF,ASRKPGGDYEQY,13.0,12.0,HLA-DQA1*02:01/DQB1*02:02,DQA1*02:01;DQB1*02:02,DQA1*02:01~DQB1*02:02,555A.1.4.38
60977,"PFSQQQQPVL + DEAM(Q4, Q6)",,,1,1,1,CASPQGGSEKLVF,ASSSGGWGGGTEAF,13.0,14.0,HLA-DQA1*02:01/DQB1*02:02,DQA1*02:01;DQB1*02:02,DQA1*02:01~DQB1*02:02,594.5.2.6
60977,"QPPFSQQQQPVL + DEAM(Q6, Q8)",,,1,1,1,CASPQGGSEKLVF,ASSSGGWGGGTEAF,13.0,14.0,HLA-DQA1*02:01/DQB1*02:02,DQA1*02:01;DQB1*02:02,DQA1*02:01~DQB1*02:02,594.5.2.6
60978,"QPPFSQQQQPVL + DEAM(Q6, Q8)",,,1,1,1,CAVSGNTGFQKLVF,ASTSRGGNSNQPQH,14.0,14.0,HLA-DQA1*02:01/DQB1*02:02,DQA1*02:01;DQB1*02:02,DQA1*02:01~DQB1*02:02,627.1.3.199
60979,"QPPFSQQQQPVL + DEAM(Q6, Q8)",,,1,1,1,CIVYLSNFGNEKLTF,ASSLIGGGELF,15.0,11.0,HLA-DQA1*02:01/DQB1*02:02,DQA1*02:01;DQB1*02:02,DQA1*02:01~DQB1*02:02,
60980,"QPPFSQQQQPVL + DEAM(Q6, Q8)",,,1,1,1,CAASAHYGGSQGNLIF,ASGPGTATEAF,16.0,11.0,HLA-DQA1*02:01/DQB1*02:02,DQA1*02:01;DQB1*02:02,DQA1*02:01~DQB1*02:02,
60981,"QPPFSQQQQPVL + DEAM(Q6, Q8)",,,1,1,1,CAYRSQETSGSRLTF,SASWLGFGETQY,15.0,12.0,HLA-DQA1*02:01/DQB1*02:02,DQA1*02:01;DQB1*02:02,DQA1*02:01~DQB1*02:02,
60982,"QPPFSQQQQPVL + DEAM(Q6, Q8)",,,1,1,1,CAYTPLETSGSRLTF,SARAPITGRFYEQY,15.0,14.0,HLA-DQA1*02:01/DQB1*02:02,DQA1*02:01;DQB1*02:02,DQA1*02:01~DQB1*02:02,
60983,"QPPFSQQQQPVL + DEAM(Q6, Q8)",,,1,1,1,CAVRPGGSQGNLIF,ASSLTTSEETQY,14.0,12.0,HLA-DQA1*02:01/DQB1*02:02,DQA1*02:01;DQB1*02:02,DQA1*02:01~DQB1*02:02,
60984,"QPPFSQQQQPVL + DEAM(Q6, Q8)",,,1,1,1,CAFMKGSYGGSQGNLIF,ASSRTANYEQY,17.0,11.0,HLA-DQA1*02:01/DQB1*02:02,DQA1*02:01;DQB1*02:02,DQA1*02:01~DQB1*02:02,
60985,"QPPFSQQQQPVL + DEAM(Q6, Q8)",,,1,1,1,CIVRVAEGAQKLVF,SATKETQY,14.0,8.0,HLA-DQA1*02:01/DQB1*02:02,DQA1*02:01;DQB1*02:02,DQA1*02:01~DQB1*02:02,
60986,"QPPFSQQQQPVL + DEAM(Q6, Q8)",,,1,1,1,CIVRVAEGAQKLVF,SATKETQY,14.0,8.0,HLA-DQA1*02:01/DQB1*02:02,DQA1*02:01;DQB1*02:02,DQA1*02:01~DQB1*02:02,
60987,"QPPFSQQQQPVL + DEAM(Q6, Q8)",,,1,1,1,CAMTLNTDKLIF,ASSLQGGDYGYT,12.0,12.0,HLA-DQA1*02:01/DQB1*02:02,DQA1*02:01;DQB1*02:02,DQA1*02:01~DQB1*02:02,
742,LQPFPQPQLPYPQ + DEAM(Q8),TRAV26-1*01,TRBV7-2*01,1,1,1,IVLGGADGLT,ASSFRFTDTQY,10.0,11.0,HLA-DQA1*05:01/DQB1*02:01,DQA1*05:01;DQB1*02:01,DQA1*05:01~DQB1*02:01,D2
742,PFPQPQLPYPQPQ + DEAM(Q6),TRAV26-1*01,TRBV7-2*01,1,1,1,IVLGGADGLT,ASSFRFTDTQY,10.0,11.0,HLA-DQA1*05:01/DQB1*02:01,DQA1*05:01;DQB1*02:01,DQA1*05:01~DQB1*02:01,D2
743,PFPQPQLPYPQPQ + DEAM(Q6),TRAV26-1*01,TRBV7-2*01,1,1,1,IAFQGAQKLV,ASSFRALAADTQY,10.0,13.0,HLA-DQA1*05:01/DQB1*02:01,DQA1*05:01;DQB1*02:01,DQA1*05:01~DQB1*02:01,JR5.1
744,LQPFPQPQLPYPQ + DEAM(Q8),TRAV26-1*01,TRBV7-2*01,1,1,1,IVWGGATNKLI,ASSVRSTDTQY,11.0,11.0,HLA-DQA1*05:01/DQB1*02:01,DQA1*05:01;DQB1*02:01,DQA1*05:01~DQB1*02:01,S16
744,PFPQPQLPYPQPQ + DEAM(Q6),TRAV26-1*01,TRBV7-2*01,1,1,1,IVWGGATNKLI,ASSVRSTDTQY,11.0,11.0,HLA-DQA1*05:01/DQB1*02:01,DQA1*05:01;DQB1*02:01,DQA1*05:01~DQB1*02:01,S16
745,LQPFPQPQLPYPQ + DEAM(Q8),TRAV4*01,TRBV20-1*01,1,1,1,LVGDGGSFSGGYNKLI,SAGVGGQETQY,16.0,11.0,HLA-DQA1*05:01/DQB1*02:01,DQA1*05:01;DQB1*02:01,DQA1*05:01~DQB1*02:01,S2
8777,APSGEGSFQPSQENPQGS,TRAV26-2*01,TRBV9*01,1,1,1,ILRDSRAQKLV,ASSAGTSGEYEQY,11.0,13.0,HLA-DQA1*03:01/DQB1*03:02,DQA1*03:01;DQB1*03:02,DQA1*03:01~DQB1*03:02,L3-L2
894,DRLLMLFAKDVVSRN,TRAV13-1*01,TRBV7-3*01,1,1,2,AASSFGNEKLT,ATSALGDTQY,11.0,10.0,HLA-DQA1*01:02/DQB1*05:02,DQA1*01:02;DQB1*05:02,DQA1*01:02~DQB1*05:02,Hy.1B11
894,RQLVHFVRDFAQL,TRAV13-1*01,TRBV7-3*01,1,1,2,AASSFGNEKLT,ATSALGDTQY,11.0,10.0,HLA-DQA1*01:02/DQB1*05:02,DQA1*01:02;DQB1*05:02,DQA1*01:02~DQB1*05:02,Hy.1B11
901,"SGQGSFQPSQQNP + DEAM(Q3, Q11)",TRAV8-3*01,TRBV6-1*01,1,1,1,AVGETGANNLF,ASSEARRYNEQF,11.0,12.0,HLA-DQA1*03:01/DQB1*03:02,DQA1*03:01;DQB1*03:02,DQA1*03:01~DQB1*03:02,T316
902,APSGEGSFQPSQENPQGS,TRAV8-3*01,TRBV6-1*01,1,1,1,AVGETGANNLF,ASSEARRYNEQF,11.0,12.0,HLA-DQA1*03:01/DQB1*03:02,DQA1*03:01;DQB1*03:02,DQA1*03:01~DQB1*03:02,T316
9075,ENPVVHFFKNIVTPR,TRAV17*01,TRBV20-1*01,1,1,1,ATDTTSGTYKYI,SARDLTSGANNEQF,12.0,14.0,HLA-DR2,,,Ob.1A12
9076,ENPVVHFFKNIVTPR,TRAV13-1*01,TRBV7-3*01,1,1,1,AASSFGNEKLT,ATSALGDTQY,11.0,10.0,HLA-DQ1,,,Hy.1B11 Y46A mutant
9077,ENPVVHFFKNIVTPR,TRAV13-1*01,TRBV7-3*01,1,1,1,AASSFGNEKLT,ATSALGDTQY,11.0,10.0,HLA-DQ1,,,Hy.1B11 Q48A mutant
9078,ENPVVHFFKNIVTPR,TRAV13-1*01,TRBV7-3*01,1,1,1,AASSFGNEKLT,ATSALGDTQY,11.0,10.0,HLA-DQ1,,,Hy.1B11 T50A mutant
9079,ENPVVHFFKNIVTPR,TRAV13-1*01,TRBV7-3*01,1,1,1,AASSFGNEKLT,ATSALGDTQY,11.0,10.0,HLA-DQ1,,,Hy.1B11 D54A mutant
9080,ENPVVHFFKNIVTPR,TRAV13-1*01,TRBV7-3*01,1,1,1,AASSFGNEKLT,ATSAAGDTQY,11.0,10.0,HLA-DQ1,,,Hy.1B11 L95A mutant
9081,AENPVVHFFKNIATPR,TRAV13-1*01,TRBV7-3*01,1,1,1,AASSFGNEKLT,ATSALGDTQY,11.0,10.0,HLA class II,,,Hy.1B11
9081,ANPVVHFFKNIVTPR,TRAV13-1*01,TRBV7-3*01,1,1,1,AASSFGNEKLT,ATSALGDTQY,11.0,10.0,HLA class II,,,Hy.1B11
9081,EAPVVHFFKNIVTPR,TRAV13-1*01,TRBV7-3*01,1,1,1,AASSFGNEKLT,ATSALGDTQY,11.0,10.0,HLA class II,,,Hy.1B11
9081,ENAVVHFFKNIVTPR,TRAV13-1*01,TRBV7-3*01,1,1,1,AASSFGNEKLT,ATSALGDTQY,11.0,10.0,HLA class II,,,Hy.1B11
9081,ENPAVHFFKNIVTPR,TRAV13-1*01,TRBV7-3*01,1,1,1,AASSFGNEKLT,ATSALGDTQY,11.0,10.0,HLA class II,,,Hy.1B11
9081,ENPVAHFFKNIVTPR,TRAV13-1*01,TRBV7-3*01,1,1,1,AASSFGNEKLT,ATSALGDTQY,11.0,10.0,HLA class II,,,Hy.1B11
9081,ENPVVDFFKNIVTPR,TRAV13-1*01,TRBV7-3*01,1,1,1,AASSFGNEKLT,ATSALGDTQY,11.0,10.0,HLA class II,,,Hy.1B11
9081,ENPVVHFFKAIVTPR,TRAV13-1*01,TRBV7-3*01,1,1,1,AASSFGNEKLT,ATSALGDTQY,11.0,10.0,HLA class II,,,Hy.1B11
9081,ENPVVHFFKNAVTPR,TRAV13-1*01,TRBV7-3*01,1,1,1,AASSFGNEKLT,ATSALGDTQY,11.0,10.0,HLA class II,,,Hy.1B11
9081,ENPVVHFFKNIVAPR,TRAV13-1*01,TRBV7-3*01,1,1,1,AASSFGNEKLT,ATSALGDTQY,11.0,10.0,HLA class II,,,Hy.1B11
9081,ENPVVHFFKNIVTAR,TRAV13-1*01,TRBV7-3*01,1,1,1,AASSFGNEKLT,ATSALGDTQY,11.0,10.0,HLA class II,,,Hy.1B11
9081,ENPVVHFFKNIVTPA,TRAV13-1*01,TRBV7-3*01,1,1,1,AASSFGNEKLT,ATSALGDTQY,11.0,10.0,HLA class II,,,Hy.1B11
9081,ENPVVHFFKNIVTPR,TRAV13-1*01,TRBV7-3*01,1,1,1,AASSFGNEKLT,ATSALGDTQY,11.0,10.0,HLA-DQ1,,,Hy.1B11
9081,ENPVVHFFRNIVTPR,TRAV13-1*01,TRBV7-3*01,1,1,1,AASSFGNEKLT,ATSALGDTQY,11.0,10.0,HLA class II,,,Hy.1B11
9081,ENPVVHFHKNIVTPR,TRAV13-1*01,TRBV7-3*01,1,1,1,AASSFGNEKLT,ATSALGDTQY,11.0,10.0,HLA class II,,,Hy.1B11
9081,ENPVVHFIKNIVTPR,TRAV13-1*01,TRBV7-3*01,1,1,1,AASSFGNEKLT,ATSALGDTQY,11.0,10.0,HLA class II,,,Hy.1B11
9081,ENPVVHFMKNIVTPR,TRAV13-1*01,TRBV7-3*01,1,1,1,AASSFGNEKLT,ATSALGDTQY,11.0,10.0,HLA class II,,,Hy.1B11
9081,ENPVVHFVKNIVTPR,TRAV13-1*01,TRBV7-3*01,1,1,1,AASSFGNEKLT,ATSALGDTQY,11.0,10.0,HLA class II,,,Hy.1B11
9081,ENPVVHFWKNIVTPR,TRAV13-1*01,TRBV7-3*01,1,1,1,AASSFGNEKLT,ATSALGDTQY,11.0,10.0,HLA class II,,,Hy.1B11
9081,ENPVVHFYKNIVTPR,TRAV13-1*01,TRBV7-3*01,1,1,1,AASSFGNEKLT,ATSALGDTQY,11.0,10.0,HLA class II,,,Hy.1B11
9081,ENPVVHGFKNIVTPR,TRAV13-1*01,TRBV7-3*01,1,1,1,AASSFGNEKLT,ATSALGDTQY,11.0,10.0,HLA class II,,,Hy.1B11
9081,ENPVVHMFKNIVTPR,TRAV13-1*01,TRBV7-3*01,1,1,1,AASSFGNEKLT,ATSALGDTQY,11.0,10.0,HLA class II,,,Hy.1B11
9081,ENPVVHYFKNIVTPR,TRAV13-1*01,TRBV7-3*01,1,1,1,AASSFGNEKLT,ATSALGDTQY,11.0,10.0,HLA class II,,,Hy.1B11
9081,ENPVVIFFKNIVTPR,TRAV13-1*01,TRBV7-3*01,1,1,1,AASSFGNEKLT,ATSALGDTQY,11.0,10.0,HLA class II,,,Hy.1B11
9081,ENPVVLFFKNIVTPR,TRAV13-1*01,TRBV7-3*01,1,1,1,AASSFGNEKLT,ATSALGDTQY,11.0,10.0,HLA class II,,,Hy.1B11
9081,ENPVVMFFKNIVTPR,TRAV13-1*01,TRBV7-3*01,1,1,1,AASSFGNEKLT,ATSALGDTQY,11.0,10.0,HLA class II,,,Hy.1B11
9081,ENPVVNFFKNIVTPR,TRAV13-1*01,TRBV7-3*01,1,1,1,AASSFGNEKLT,ATSALGDTQY,11.0,10.0,HLA class II,,,Hy.1B11
9081,ENPVVRFFKNIVTPR,TRAV13-1*01,TRBV7-3*01,1,1,1,AASSFGNEKLT,ATSALGDTQY,11.0,10.0,HLA class II,,,Hy.1B11
9081,ENPVVTFFKNIVTPR,TRAV13-1*01,TRBV7-3*01,1,1,1,AASSFGNEKLT,ATSALGDTQY,11.0,10.0,HLA class II,,,Hy.1B11
9081,ENPVVVFFKNIVTPR,TRAV13-1*01,TRBV7-3*01,1,1,1,AASSFGNEKLT,ATSALGDTQY,11.0,10.0,HLA class II,,,Hy.1B11
9081,ENPVVWFFKNIVTPR,TRAV13-1*01,TRBV7-3*01,1,1,1,AASSFGNEKLT,ATSALGDTQY,11.0,10.0,HLA class II,,,Hy.1B11
9082,ENPVVHFFKNIVTPR,TRAV13-1*02,TRBV7-3*01,1,1,1,AASSFGAEKLT,ATSALGDTQY,11.0,10.0,HLA-DQ1,,,Hy.1B11 N97A mutant
9097,FSWGAEGQRPGFG,TRAV26-2*01,TRBV20-1*01,1,1,1,TVYGGATNKLI,SARGGSYNSPLH,11.0,12.0,HLA-DRA*01:01/DRB1*04:01,DRA*01:01;DRB1*04:01,DRA*01:01~DRB1*04:01,MS2-3C8 T55A mutant
9100,FSWGAEGQRPGFG,TRAV26-2*01,TRBV20-1*01,1,1,1,TVYGGATNKLI,SARGGSYNSPLH,11.0,12.0,HLA-DRA*01:01/DRB1*04:01,DRA*01:01;DRB1*04:01,DRA*01:01~DRB1*04:01,MS2-3C8
9101,FSWGAEGQRPGFG,TRAV26-2*01,TRBV20-1*01,1,1,1,TVYGGATNKLI,SARGGSYNSPLH,11.0,12.0,HLA-DRA*01:01/DRB1*04:01,DRA*01:01;DRB1*04:01,DRA*01:01~DRB1*04:01,MS2-3C8 E50A mutant
9150,"SGQGSFQPSQQNP + DEAM(Q3, Q11)",TRAV8-3*01,TRBV6-1*01,1,1,1,AVGETGANNLF,ASSEARRYNEQF,11.0,12.0,HLA-DQA1*03:01/DQB1*03:02,DQA1*03:01;DQB1*03:02,DQA1*03:01~DQB1*03:02,T316
9155,FSWGAEGQRPGFG,TRAV26-2*01,TRBV20-1*01,1,1,1,TVYGGATNKLI,SARGGSYNSPLH,11.0,12.0,HLA-DRA*01:01/DRB1*04:01,DRA*01:01;DRB1*04:01,DRA*01:01~DRB1*04:01,MS2-3C8 T29A mutant
9156,FSWGAEGQRPGFG,TRAV26-2*01,TRBV20-1*01,1,1,1,TVYGGATNALI,SARGGSYNSPLH,11.0,12.0,HLA-DRA*01:01/DRB1*04:01,DRA*01:01;DRB1*04:01,DRA*01:01~DRB1*04:01,MS2-3C8 K96A mutant
9239,"QQYPSGQGSFQPSQQNPQ + DEAM(Q7, Q15)",TRAV26-2*01,TRBV9*01,1,1,1,ILRDGRGGADGLT,ASSVAVSAGTYEQY,13.0,14.0,HLA-DQA1*03:01/DQB1*03:02,DQA1*03:01;DQB1*03:02,DQA1*03:01~DQB1*03:02,SP3.4
